Student_ID,Name,Class,Gender,Subject,Marks,Grade,Attendance
1001,Student_1001,10A,Male,Math,58.2,D,0.786
1001,Student_1001,10A,Male,Physics,69.1,C,0.995
1001,Student_1001,10A,Male,Chemistry,75.8,B,0.834
1001,Student_1001,10A,Male,Biology,65.2,C,0.959
1001,Student_1001,10A,Male,English,74.7,C,0.978
1001,Student_1001,10A,Male,History,58.5,D,0.731
1002,Student_1002,10A,Male,Math,52.5,D,0.967
1002,Student_1002,10A,Male,Physics,42.8,D,0.75
1002,Student_1002,10A,Male,Chemistry,59.4,D,0.703
1002,Student_1002,10A,Male,Biology,42.3,D,0.794
1002,Student_1002,10A,Male,English,67.7,C,0.996
1002,Student_1002,10A,Male,History,69.1,C,0.753
1003,Student_1003,10A,Female,Math,66.4,C,0.9
1003,Student_1003,10A,Female,Physics,66.9,C,0.852
1003,Student_1003,10A,Female,Chemistry,68.4,C,0.793
1003,Student_1003,10A,Female,Biology,81.3,B,0.975
1003,Student_1003,10A,Female,English,62.3,C,0.729
1003,Student_1003,10A,Female,History,71.6,C,0.938
1004,Student_1004,10A,Male,Math,83.6,B,0.984
1004,Student_1004,10A,Male,Physics,99.0,A,0.818
1004,Student_1004,10A,Male,Chemistry,90.0,B,0.754
1004,Student_1004,10A,Male,Biology,100.0,A,0.762
1004,Student_1004,10A,Male,English,96.3,A,0.815
1004,Student_1004,10A,Male,History,98.3,A,0.829
1005,Student_1005,10A,Male,Math,72.5,C,0.74
1005,Student_1005,10A,Male,Physics,67.1,C,0.857
1005,Student_1005,10A,Male,Chemistry,79.5,B,0.774
1005,Student_1005,10A,Male,Biology,93.8,A,0.806
1005,Student_1005,10A,Male,English,90.6,A,0.741
1005,Student_1005,10A,Male,History,97.6,A,0.953
1006,Student_1006,10A,Male,Math,50.6,D,0.737
1006,Student_1006,10A,Male,Physics,51.9,D,0.816
1006,Student_1006,10A,Male,Chemistry,60.9,C,0.91
1006,Student_1006,10A,Male,Biology,64.3,C,0.859
1006,Student_1006,10A,Male,English,56.1,D,0.809
1006,Student_1006,10A,Male,History,66.1,C,0.746
1007,Student_1007,10A,Male,Math,40.2,D,0.882
1007,Student_1007,10A,Male,Physics,40.7,D,0.812
1007,Student_1007,10A,Male,Chemistry,67.3,C,0.987
1007,Student_1007,10A,Male,Biology,54.4,D,0.929
1007,Student_1007,10A,Male,English,66.6,C,0.985
1007,Student_1007,10A,Male,History,52.2,D,0.85
1008,Student_1008,10A,Male,Math,57.4,D,0.968
1008,Student_1008,10A,Male,Physics,70.3,C,0.822
1008,Student_1008,10A,Male,Chemistry,62.8,C,0.935
1008,Student_1008,10A,Male,Biology,64.4,C,0.877
1008,Student_1008,10A,Male,English,76.6,B,0.86
1008,Student_1008,10A,Male,History,69.5,C,0.978
1009,Student_1009,10A,Female,Math,67.4,C,0.721
1009,Student_1009,10A,Female,Physics,66.7,C,0.85
1009,Student_1009,10A,Female,Chemistry,73.0,C,0.738
1009,Student_1009,10A,Female,Biology,86.4,B,0.721
1009,Student_1009,10A,Female,English,71.2,C,0.804
1009,Student_1009,10A,Female,History,81.5,B,0.946
1010,Student_1010,10A,Male,Math,79.6,B,0.851
1010,Student_1010,10A,Male,Physics,87.9,B,0.976
1010,Student_1010,10A,Male,Chemistry,98.9,A,0.893
1010,Student_1010,10A,Male,Biology,94.2,A,0.745
1010,Student_1010,10A,Male,English,97.1,A,0.935
1010,Student_1010,10A,Male,History,87.9,B,0.8
1011,Student_1011,10A,Male,Math,95.8,A,0.945
1011,Student_1011,10A,Male,Physics,100.0,A,0.925
1011,Student_1011,10A,Male,Chemistry,86.6,B,0.931
1011,Student_1011,10A,Male,Biology,95.2,A,0.751
1011,Student_1011,10A,Male,English,100.0,A,0.845
1011,Student_1011,10A,Male,History,100.0,A,0.978
1012,Student_1012,10A,Male,Math,83.0,B,0.79
1012,Student_1012,10A,Male,Physics,86.5,B,0.851
1012,Student_1012,10A,Male,Chemistry,96.5,A,0.764
1012,Student_1012,10A,Male,Biology,98.4,A,0.986
1012,Student_1012,10A,Male,English,92.4,A,0.793
1012,Student_1012,10A,Male,History,100.0,A,0.895
1013,Student_1013,10A,Male,Math,63.6,C,0.848
1013,Student_1013,10A,Male,Physics,77.8,B,0.81
1013,Student_1013,10A,Male,Chemistry,85.8,B,0.838
1013,Student_1013,10A,Male,Biology,77.4,B,0.719
1013,Student_1013,10A,Male,English,80.3,B,0.977
1013,Student_1013,10A,Male,History,88.7,B,0.872
1014,Student_1014,10A,Male,Math,65.4,C,0.873
1014,Student_1014,10A,Male,Physics,72.2,C,0.838
1014,Student_1014,10A,Male,Chemistry,62.5,C,0.887
1014,Student_1014,10A,Male,Biology,82.6,B,0.772
1014,Student_1014,10A,Male,English,66.9,C,0.834
1014,Student_1014,10A,Male,History,72.1,C,0.822
1015,Student_1015,10A,Male,Math,56.3,D,0.866
1015,Student_1015,10A,Male,Physics,62.6,C,0.982
1015,Student_1015,10A,Male,Chemistry,61.2,C,0.942
1015,Student_1015,10A,Male,Biology,57.0,D,0.951
1015,Student_1015,10A,Male,English,61.7,C,0.992
1015,Student_1015,10A,Male,History,66.5,C,0.842
1016,Student_1016,10A,Male,Math,35.0,D,0.827
1016,Student_1016,10A,Male,Physics,42.7,D,0.996
1016,Student_1016,10A,Male,Chemistry,40.7,D,0.81
1016,Student_1016,10A,Male,Biology,63.4,C,0.858
1016,Student_1016,10A,Male,English,55.6,D,0.797
1016,Student_1016,10A,Male,History,48.7,D,0.739
1017,Student_1017,10A,Female,Math,75.1,B,0.918
1017,Student_1017,10A,Female,Physics,74.9,C,0.722
1017,Student_1017,10A,Female,Chemistry,62.8,C,0.96
1017,Student_1017,10A,Female,Biology,78.3,B,0.731
1017,Student_1017,10A,Female,English,82.8,B,0.976
1017,Student_1017,10A,Female,History,75.4,B,0.713
1018,Student_1018,10A,Male,Math,58.4,D,0.746
1018,Student_1018,10A,Male,Physics,73.5,C,0.749
1018,Student_1018,10A,Male,Chemistry,58.4,D,0.857
1018,Student_1018,10A,Male,Biology,76.1,B,0.702
1018,Student_1018,10A,Male,English,66.6,C,0.767
1018,Student_1018,10A,Male,History,66.3,C,0.84
1019,Student_1019,10A,Female,Math,82.3,B,0.888
1019,Student_1019,10A,Female,Physics,73.6,C,0.892
1019,Student_1019,10A,Female,Chemistry,78.7,B,0.882
1019,Student_1019,10A,Female,Biology,97.4,A,0.815
1019,Student_1019,10A,Female,English,79.1,B,0.713
1019,Student_1019,10A,Female,History,82.2,B,0.761
1020,Student_1020,10A,Female,Math,51.5,D,0.764
1020,Student_1020,10A,Female,Physics,55.2,D,0.756
1020,Student_1020,10A,Female,Chemistry,70.5,C,0.841
1020,Student_1020,10A,Female,Biology,69.4,C,0.824
1020,Student_1020,10A,Female,English,79.0,B,0.873
1020,Student_1020,10A,Female,History,66.9,C,0.764
1021,Student_1021,10A,Male,Math,64.7,C,0.902
1021,Student_1021,10A,Male,Physics,57.8,D,0.776
1021,Student_1021,10A,Male,Chemistry,47.9,D,0.745
1021,Student_1021,10A,Male,Biology,64.2,C,0.805
1021,Student_1021,10A,Male,English,50.2,D,0.894
1021,Student_1021,10A,Male,History,63.0,C,0.959
1022,Student_1022,10A,Male,Math,49.1,D,0.768
1022,Student_1022,10A,Male,Physics,64.5,C,0.986
1022,Student_1022,10A,Male,Chemistry,66.2,C,0.825
1022,Student_1022,10A,Male,Biology,66.9,C,0.944
1022,Student_1022,10A,Male,English,74.4,C,0.958
1022,Student_1022,10A,Male,History,77.7,B,0.75
1023,Student_1023,10A,Female,Math,92.9,A,0.879
1023,Student_1023,10A,Female,Physics,72.6,C,0.958
1023,Student_1023,10A,Female,Chemistry,72.6,C,0.776
1023,Student_1023,10A,Female,Biology,77.2,B,0.967
1023,Student_1023,10A,Female,English,83.1,B,0.85
1023,Student_1023,10A,Female,History,89.5,B,0.882
1024,Student_1024,10A,Female,Math,56.3,D,0.906
1024,Student_1024,10A,Female,Physics,63.4,C,0.709
1024,Student_1024,10A,Female,Chemistry,35.0,D,0.929
1024,Student_1024,10A,Female,Biology,63.2,C,0.925
1024,Student_1024,10A,Female,English,69.9,C,0.857
1024,Student_1024,10A,Female,History,51.7,D,0.938
1025,Student_1025,10A,Female,Math,100.0,A,0.886
1025,Student_1025,10A,Female,Physics,93.2,A,0.911
1025,Student_1025,10A,Female,Chemistry,97.5,A,0.944
1025,Student_1025,10A,Female,Biology,100.0,A,0.849
1025,Student_1025,10A,Female,English,100.0,A,0.865
1025,Student_1025,10A,Female,History,100.0,A,0.995
1026,Student_1026,10A,Male,Math,65.2,C,0.818
1026,Student_1026,10A,Male,Physics,75.3,B,0.919
1026,Student_1026,10A,Male,Chemistry,66.9,C,0.811
1026,Student_1026,10A,Male,Biology,77.8,B,0.738
1026,Student_1026,10A,Male,English,86.2,B,0.77
1026,Student_1026,10A,Male,History,64.7,C,0.745
1027,Student_1027,10A,Male,Math,53.4,D,0.762
1027,Student_1027,10A,Male,Physics,55.3,D,0.843
1027,Student_1027,10A,Male,Chemistry,52.8,D,0.883
1027,Student_1027,10A,Male,Biology,69.1,C,0.917
1027,Student_1027,10A,Male,English,79.3,B,0.851
1027,Student_1027,10A,Male,History,57.1,D,0.759
1028,Student_1028,10A,Female,Math,87.6,B,0.895
1028,Student_1028,10A,Female,Physics,88.7,B,0.837
1028,Student_1028,10A,Female,Chemistry,83.8,B,0.78
1028,Student_1028,10A,Female,Biology,100.0,A,0.954
1028,Student_1028,10A,Female,English,84.2,B,0.807
1028,Student_1028,10A,Female,History,97.5,A,0.976
1029,Student_1029,10A,Male,Math,54.4,D,0.843
1029,Student_1029,10A,Male,Physics,48.2,D,0.94
1029,Student_1029,10A,Male,Chemistry,35.0,D,0.909
1029,Student_1029,10A,Male,Biology,58.2,D,0.97
1029,Student_1029,10A,Male,English,54.9,D,0.769
1029,Student_1029,10A,Male,History,44.7,D,0.755
1030,Student_1030,10A,Male,Math,65.0,C,0.938
1030,Student_1030,10A,Male,Physics,57.2,D,0.812
1030,Student_1030,10A,Male,Chemistry,69.1,C,0.923
1030,Student_1030,10A,Male,Biology,57.4,D,0.773
1030,Student_1030,10A,Male,English,67.8,C,0.992
1030,Student_1030,10A,Male,History,73.8,C,0.843
1031,Student_1031,10A,Female,Math,65.5,C,0.832
1031,Student_1031,10A,Female,Physics,70.9,C,0.806
1031,Student_1031,10A,Female,Chemistry,55.9,D,0.936
1031,Student_1031,10A,Female,Biology,75.3,B,0.904
1031,Student_1031,10A,Female,English,52.2,D,0.762
1031,Student_1031,10A,Female,History,78.1,B,0.913
1032,Student_1032,10A,Male,Math,59.9,D,0.989
1032,Student_1032,10A,Male,Physics,55.6,D,0.911
1032,Student_1032,10A,Male,Chemistry,60.2,C,0.754
1032,Student_1032,10A,Male,Biology,62.9,C,0.88
1032,Student_1032,10A,Male,English,67.7,C,0.749
1032,Student_1032,10A,Male,History,86.1,B,0.854
1033,Student_1033,10A,Female,Math,68.2,C,0.835
1033,Student_1033,10A,Female,Physics,76.1,B,0.728
1033,Student_1033,10A,Female,Chemistry,62.8,C,0.786
1033,Student_1033,10A,Female,Biology,85.0,B,0.723
1033,Student_1033,10A,Female,English,80.9,B,0.875
1033,Student_1033,10A,Female,History,66.6,C,0.72
1034,Student_1034,10A,Female,Math,85.0,B,0.861
1034,Student_1034,10A,Female,Physics,65.8,C,0.752
1034,Student_1034,10A,Female,Chemistry,78.6,B,0.866
1034,Student_1034,10A,Female,Biology,74.8,C,0.95
1034,Student_1034,10A,Female,English,81.0,B,0.927
1034,Student_1034,10A,Female,History,95.1,A,0.822
1035,Student_1035,10A,Female,Math,80.2,B,0.913
1035,Student_1035,10A,Female,Physics,100.0,A,0.823
1035,Student_1035,10A,Female,Chemistry,78.1,B,0.905
1035,Student_1035,10A,Female,Biology,79.6,B,0.985
1035,Student_1035,10A,Female,English,75.8,B,0.736
1035,Student_1035,10A,Female,History,83.0,B,0.932
1036,Student_1036,10B,Male,Math,75.7,B,0.932
1036,Student_1036,10B,Male,Physics,77.6,B,0.879
1036,Student_1036,10B,Male,Chemistry,84.3,B,0.728
1036,Student_1036,10B,Male,Biology,80.0,B,0.922
1036,Student_1036,10B,Male,English,78.2,B,0.707
1036,Student_1036,10B,Male,History,82.5,B,0.931
1037,Student_1037,10B,Female,Math,72.1,C,0.787
1037,Student_1037,10B,Female,Physics,69.2,C,0.836
1037,Student_1037,10B,Female,Chemistry,77.0,B,0.826
1037,Student_1037,10B,Female,Biology,78.0,B,0.968
1037,Student_1037,10B,Female,English,77.7,B,0.804
1037,Student_1037,10B,Female,History,71.7,C,0.73
1038,Student_1038,10B,Male,Math,81.6,B,0.994
1038,Student_1038,10B,Male,Physics,93.1,A,0.853
1038,Student_1038,10B,Male,Chemistry,84.8,B,0.915
1038,Student_1038,10B,Male,Biology,91.4,A,0.721
1038,Student_1038,10B,Male,English,87.1,B,0.781
1038,Student_1038,10B,Male,History,100.0,A,0.868
1039,Student_1039,10B,Female,Math,71.5,C,0.901
1039,Student_1039,10B,Female,Physics,67.7,C,0.982
1039,Student_1039,10B,Female,Chemistry,89.5,B,0.782
1039,Student_1039,10B,Female,Biology,84.8,B,0.785
1039,Student_1039,10B,Female,English,89.2,B,0.991
1039,Student_1039,10B,Female,History,87.2,B,0.802
1040,Student_1040,10B,Male,Math,79.6,B,0.887
1040,Student_1040,10B,Male,Physics,88.2,B,0.875
1040,Student_1040,10B,Male,Chemistry,67.3,C,0.882
1040,Student_1040,10B,Male,Biology,92.0,A,0.751
1040,Student_1040,10B,Male,English,87.5,B,0.81
1040,Student_1040,10B,Male,History,73.6,C,0.993
1041,Student_1041,10B,Female,Math,77.9,B,0.963
1041,Student_1041,10B,Female,Physics,68.0,C,0.724
1041,Student_1041,10B,Female,Chemistry,84.9,B,0.71
1041,Student_1041,10B,Female,Biology,96.8,A,0.971
1041,Student_1041,10B,Female,English,87.8,B,0.715
1041,Student_1041,10B,Female,History,85.1,B,0.721
1042,Student_1042,10B,Female,Math,77.5,B,0.759
1042,Student_1042,10B,Female,Physics,86.2,B,0.967
1042,Student_1042,10B,Female,Chemistry,81.3,B,0.84
1042,Student_1042,10B,Female,Biology,81.4,B,0.906
1042,Student_1042,10B,Female,English,89.9,B,0.994
1042,Student_1042,10B,Female,History,79.2,B,0.803
1043,Student_1043,10B,Male,Math,58.3,D,0.923
1043,Student_1043,10B,Male,Physics,58.0,D,0.843
1043,Student_1043,10B,Male,Chemistry,53.7,D,0.758
1043,Student_1043,10B,Male,Biology,58.3,D,0.834
1043,Student_1043,10B,Male,English,62.5,C,0.992
1043,Student_1043,10B,Male,History,75.1,B,0.833
1044,Student_1044,10B,Male,Math,89.6,B,0.946
1044,Student_1044,10B,Male,Physics,84.5,B,0.888
1044,Student_1044,10B,Male,Chemistry,82.7,B,0.935
1044,Student_1044,10B,Male,Biology,88.8,B,0.857
1044,Student_1044,10B,Male,English,92.1,A,0.782
1044,Student_1044,10B,Male,History,88.4,B,0.886
1045,Student_1045,10B,Male,Math,87.5,B,0.909
1045,Student_1045,10B,Male,Physics,82.9,B,0.875
1045,Student_1045,10B,Male,Chemistry,78.6,B,0.793
1045,Student_1045,10B,Male,Biology,92.3,A,0.91
1045,Student_1045,10B,Male,English,100.0,A,0.877
1045,Student_1045,10B,Male,History,87.1,B,0.991
1046,Student_1046,10B,Male,Math,100.0,A,0.712
1046,Student_1046,10B,Male,Physics,100.0,A,0.804
1046,Student_1046,10B,Male,Chemistry,100.0,A,0.796
1046,Student_1046,10B,Male,Biology,100.0,A,0.748
1046,Student_1046,10B,Male,English,100.0,A,0.764
1046,Student_1046,10B,Male,History,100.0,A,0.799
1047,Student_1047,10B,Female,Math,73.2,C,0.886
1047,Student_1047,10B,Female,Physics,74.7,C,0.774
1047,Student_1047,10B,Female,Chemistry,83.5,B,0.987
1047,Student_1047,10B,Female,Biology,91.9,A,0.801
1047,Student_1047,10B,Female,English,87.5,B,0.861
1047,Student_1047,10B,Female,History,75.7,B,0.877
1048,Student_1048,10B,Male,Math,69.4,C,0.857
1048,Student_1048,10B,Male,Physics,68.7,C,0.945
1048,Student_1048,10B,Male,Chemistry,81.4,B,0.828
1048,Student_1048,10B,Male,Biology,96.7,A,0.901
1048,Student_1048,10B,Male,English,80.9,B,0.809
1048,Student_1048,10B,Male,History,85.7,B,0.816
1049,Student_1049,10B,Male,Math,85.4,B,0.757
1049,Student_1049,10B,Male,Physics,83.6,B,0.8
1049,Student_1049,10B,Male,Chemistry,80.5,B,0.94
1049,Student_1049,10B,Male,Biology,75.5,B,0.883
1049,Student_1049,10B,Male,English,85.2,B,0.95
1049,Student_1049,10B,Male,History,75.2,B,0.791
1050,Student_1050,10B,Male,Math,81.5,B,0.707
1050,Student_1050,10B,Male,Physics,81.2,B,0.915
1050,Student_1050,10B,Male,Chemistry,67.5,C,0.964
1050,Student_1050,10B,Male,Biology,73.8,C,0.755
1050,Student_1050,10B,Male,English,97.3,A,0.928
1050,Student_1050,10B,Male,History,92.4,A,0.754
1051,Student_1051,10B,Female,Math,53.5,D,0.785
1051,Student_1051,10B,Female,Physics,54.4,D,0.894
1051,Student_1051,10B,Female,Chemistry,54.3,D,0.83
1051,Student_1051,10B,Female,Biology,85.7,B,0.87
1051,Student_1051,10B,Female,English,59.2,D,0.877
1051,Student_1051,10B,Female,History,65.7,C,0.831
1052,Student_1052,10B,Female,Math,69.0,C,0.989
1052,Student_1052,10B,Female,Physics,66.2,C,0.7
1052,Student_1052,10B,Female,Chemistry,66.7,C,0.72
1052,Student_1052,10B,Female,Biology,81.5,B,0.806
1052,Student_1052,10B,Female,English,84.5,B,0.946
1052,Student_1052,10B,Female,History,65.4,C,0.831
1053,Student_1053,10B,Female,Math,87.2,B,0.903
1053,Student_1053,10B,Female,Physics,83.6,B,0.9
1053,Student_1053,10B,Female,Chemistry,78.9,B,0.947
1053,Student_1053,10B,Female,Biology,79.8,B,0.713
1053,Student_1053,10B,Female,English,83.0,B,0.787
1053,Student_1053,10B,Female,History,90.1,A,0.86
1054,Student_1054,10B,Female,Math,79.5,B,0.894
1054,Student_1054,10B,Female,Physics,88.7,B,0.741
1054,Student_1054,10B,Female,Chemistry,71.2,C,0.712
1054,Student_1054,10B,Female,Biology,71.9,C,0.776
1054,Student_1054,10B,Female,English,70.5,C,0.885
1054,Student_1054,10B,Female,History,73.8,C,0.71
1055,Student_1055,10B,Male,Math,67.2,C,0.702
1055,Student_1055,10B,Male,Physics,65.6,C,0.848
1055,Student_1055,10B,Male,Chemistry,78.7,B,0.916
1055,Student_1055,10B,Male,Biology,59.9,D,0.775
1055,Student_1055,10B,Male,English,73.3,C,0.701
1055,Student_1055,10B,Male,History,73.2,C,0.736
1056,Student_1056,10B,Female,Math,63.8,C,0.998
1056,Student_1056,10B,Female,Physics,63.8,C,0.912
1056,Student_1056,10B,Female,Chemistry,56.7,D,0.797
1056,Student_1056,10B,Female,Biology,70.7,C,0.956
1056,Student_1056,10B,Female,English,50.9,D,0.816
1056,Student_1056,10B,Female,History,66.7,C,0.762
1057,Student_1057,10B,Female,Math,62.6,C,0.715
1057,Student_1057,10B,Female,Physics,66.1,C,0.788
1057,Student_1057,10B,Female,Chemistry,70.2,C,0.744
1057,Student_1057,10B,Female,Biology,67.5,C,0.788
1057,Student_1057,10B,Female,English,55.2,D,0.814
1057,Student_1057,10B,Female,History,76.5,B,0.914
1058,Student_1058,10B,Male,Math,46.0,D,0.731
1058,Student_1058,10B,Male,Physics,46.6,D,0.721
1058,Student_1058,10B,Male,Chemistry,58.5,D,0.828
1058,Student_1058,10B,Male,Biology,49.7,D,0.752
1058,Student_1058,10B,Male,English,62.0,C,0.871
1058,Student_1058,10B,Male,History,70.8,C,0.864
1059,Student_1059,10B,Female,Math,64.5,C,0.817
1059,Student_1059,10B,Female,Physics,61.8,C,0.82
1059,Student_1059,10B,Female,Chemistry,71.8,C,0.888
1059,Student_1059,10B,Female,Biology,71.9,C,0.91
1059,Student_1059,10B,Female,English,65.4,C,0.759
1059,Student_1059,10B,Female,History,52.0,D,0.904
1060,Student_1060,10B,Male,Math,70.5,C,0.759
1060,Student_1060,10B,Male,Physics,62.2,C,0.842
1060,Student_1060,10B,Male,Chemistry,60.6,C,0.721
1060,Student_1060,10B,Male,Biology,73.4,C,0.789
1060,Student_1060,10B,Male,English,73.5,C,0.735
1060,Student_1060,10B,Male,History,64.6,C,0.708
1061,Student_1061,10B,Male,Math,55.4,D,0.864
1061,Student_1061,10B,Male,Physics,58.0,D,0.889
1061,Student_1061,10B,Male,Chemistry,61.6,C,0.885
1061,Student_1061,10B,Male,Biology,70.1,C,0.963
1061,Student_1061,10B,Male,English,59.2,D,0.813
1061,Student_1061,10B,Male,History,68.4,C,0.741
1062,Student_1062,10B,Male,Math,76.0,B,0.772
1062,Student_1062,10B,Male,Physics,62.6,C,0.758
1062,Student_1062,10B,Male,Chemistry,64.2,C,0.952
1062,Student_1062,10B,Male,Biology,76.5,B,0.723
1062,Student_1062,10B,Male,English,65.7,C,0.985
1062,Student_1062,10B,Male,History,84.3,B,0.819
1063,Student_1063,10B,Male,Math,76.1,B,0.911
1063,Student_1063,10B,Male,Physics,77.8,B,0.728
1063,Student_1063,10B,Male,Chemistry,79.0,B,0.867
1063,Student_1063,10B,Male,Biology,75.4,B,0.858
1063,Student_1063,10B,Male,English,75.9,B,0.762
1063,Student_1063,10B,Male,History,79.4,B,0.82
1064,Student_1064,10B,Female,Math,63.7,C,0.91
1064,Student_1064,10B,Female,Physics,67.0,C,0.77
1064,Student_1064,10B,Female,Chemistry,59.7,D,0.835
1064,Student_1064,10B,Female,Biology,61.6,C,0.852
1064,Student_1064,10B,Female,English,59.4,D,0.92
1064,Student_1064,10B,Female,History,62.1,C,0.889
1065,Student_1065,10B,Female,Math,57.5,D,0.951
1065,Student_1065,10B,Female,Physics,43.5,D,0.85
1065,Student_1065,10B,Female,Chemistry,73.8,C,0.941
1065,Student_1065,10B,Female,Biology,77.6,B,0.891
1065,Student_1065,10B,Female,English,66.9,C,0.997
1065,Student_1065,10B,Female,History,66.2,C,0.759
1066,Student_1066,10B,Female,Math,89.4,B,0.876
1066,Student_1066,10B,Female,Physics,83.6,B,0.808
1066,Student_1066,10B,Female,Chemistry,88.4,B,0.755
1066,Student_1066,10B,Female,Biology,90.9,A,0.733
1066,Student_1066,10B,Female,English,100.0,A,0.78
1066,Student_1066,10B,Female,History,96.4,A,0.838
1067,Student_1067,10B,Male,Math,43.0,D,0.996
1067,Student_1067,10B,Male,Physics,35.0,D,0.79
1067,Student_1067,10B,Male,Chemistry,36.4,D,0.84
1067,Student_1067,10B,Male,Biology,56.2,D,0.76
1067,Student_1067,10B,Male,English,39.2,D,0.711
1067,Student_1067,10B,Male,History,57.7,D,0.945
1068,Student_1068,10B,Female,Math,57.8,D,0.843
1068,Student_1068,10B,Female,Physics,80.4,B,0.879
1068,Student_1068,10B,Female,Chemistry,64.1,C,0.789
1068,Student_1068,10B,Female,Biology,78.5,B,0.819
1068,Student_1068,10B,Female,English,70.7,C,0.915
1068,Student_1068,10B,Female,History,76.5,B,0.824
1069,Student_1069,10B,Male,Math,89.4,B,0.875
1069,Student_1069,10B,Male,Physics,97.9,A,0.744
1069,Student_1069,10B,Male,Chemistry,74.3,C,0.704
1069,Student_1069,10B,Male,Biology,88.2,B,0.887
1069,Student_1069,10B,Male,English,88.0,B,0.96
1069,Student_1069,10B,Male,History,84.4,B,0.983
1070,Student_1070,10B,Male,Math,83.3,B,0.806
1070,Student_1070,10B,Male,Physics,57.5,D,0.805
1070,Student_1070,10B,Male,Chemistry,69.2,C,0.915
1070,Student_1070,10B,Male,Biology,67.9,C,0.925
1070,Student_1070,10B,Male,English,67.8,C,0.753
1070,Student_1070,10B,Male,History,82.9,B,0.908
1071,Student_1071,11A,Male,Math,97.5,A,0.879
1071,Student_1071,11A,Male,Physics,85.8,B,0.81
1071,Student_1071,11A,Male,Chemistry,100.0,A,0.848
1071,Student_1071,11A,Male,Biology,85.0,B,0.893
1071,Student_1071,11A,Male,English,100.0,A,0.835
1071,Student_1071,11A,Male,History,91.5,A,0.838
1072,Student_1072,11A,Female,Math,84.8,B,0.946
1072,Student_1072,11A,Female,Physics,98.8,A,0.713
1072,Student_1072,11A,Female,Chemistry,95.3,A,0.923
1072,Student_1072,11A,Female,Biology,76.5,B,0.742
1072,Student_1072,11A,Female,English,92.2,A,0.723
1072,Student_1072,11A,Female,History,89.9,B,0.947
1073,Student_1073,11A,Female,Math,38.8,D,0.735
1073,Student_1073,11A,Female,Physics,61.8,C,0.727
1073,Student_1073,11A,Female,Chemistry,45.9,D,0.78
1073,Student_1073,11A,Female,Biology,53.8,D,0.716
1073,Student_1073,11A,Female,English,49.4,D,0.927
1073,Student_1073,11A,Female,History,62.3,C,0.765
1074,Student_1074,11A,Female,Math,65.9,C,0.916
1074,Student_1074,11A,Female,Physics,70.7,C,0.712
1074,Student_1074,11A,Female,Chemistry,50.4,D,0.849
1074,Student_1074,11A,Female,Biology,68.2,C,0.742
1074,Student_1074,11A,Female,English,60.1,C,0.831
1074,Student_1074,11A,Female,History,69.7,C,0.879
1075,Student_1075,11A,Male,Math,64.7,C,0.906
1075,Student_1075,11A,Male,Physics,70.3,C,0.862
1075,Student_1075,11A,Male,Chemistry,62.1,C,0.743
1075,Student_1075,11A,Male,Biology,72.0,C,0.965
1075,Student_1075,11A,Male,English,87.0,B,0.858
1075,Student_1075,11A,Male,History,64.0,C,0.814
1076,Student_1076,11A,Male,Math,68.8,C,0.742
1076,Student_1076,11A,Male,Physics,79.6,B,0.996
1076,Student_1076,11A,Male,Chemistry,71.6,C,0.805
1076,Student_1076,11A,Male,Biology,85.3,B,0.72
1076,Student_1076,11A,Male,English,96.6,A,0.961
1076,Student_1076,11A,Male,History,88.4,B,0.851
1077,Student_1077,11A,Female,Math,90.5,A,0.721
1077,Student_1077,11A,Female,Physics,83.3,B,0.927
1077,Student_1077,11A,Female,Chemistry,76.2,B,0.959
1077,Student_1077,11A,Female,Biology,97.1,A,0.996
1077,Student_1077,11A,Female,English,100.0,A,0.925
1077,Student_1077,11A,Female,History,92.2,A,0.924
1078,Student_1078,11A,Male,Math,74.5,C,0.902
1078,Student_1078,11A,Male,Physics,71.1,C,0.844
1078,Student_1078,11A,Male,Chemistry,83.2,B,0.796
1078,Student_1078,11A,Male,Biology,82.3,B,0.835
1078,Student_1078,11A,Male,English,86.1,B,0.826
1078,Student_1078,11A,Male,History,59.8,D,0.939
1079,Student_1079,11A,Female,Math,88.8,B,0.759
1079,Student_1079,11A,Female,Physics,85.7,B,0.997
1079,Student_1079,11A,Female,Chemistry,93.8,A,0.851
1079,Student_1079,11A,Female,Biology,79.1,B,0.808
1079,Student_1079,11A,Female,English,84.3,B,0.988
1079,Student_1079,11A,Female,History,100.0,A,0.798
1080,Student_1080,11A,Female,Math,60.2,C,0.966
1080,Student_1080,11A,Female,Physics,58.4,D,0.761
1080,Student_1080,11A,Female,Chemistry,68.9,C,0.793
1080,Student_1080,11A,Female,Biology,58.5,D,0.924
1080,Student_1080,11A,Female,English,80.8,B,0.885
1080,Student_1080,11A,Female,History,75.4,B,0.799
1081,Student_1081,11A,Female,Math,96.7,A,0.727
1081,Student_1081,11A,Female,Physics,85.7,B,0.816
1081,Student_1081,11A,Female,Chemistry,98.7,A,0.876
1081,Student_1081,11A,Female,Biology,89.5,B,0.89
1081,Student_1081,11A,Female,English,100.0,A,0.964
1081,Student_1081,11A,Female,History,96.8,A,0.955
1082,Student_1082,11A,Male,Math,66.5,C,0.878
1082,Student_1082,11A,Male,Physics,71.5,C,0.844
1082,Student_1082,11A,Male,Chemistry,85.8,B,0.727
1082,Student_1082,11A,Male,Biology,58.7,D,0.784
1082,Student_1082,11A,Male,English,76.7,B,0.883
1082,Student_1082,11A,Male,History,62.2,C,0.718
1083,Student_1083,11A,Female,Math,36.4,D,0.91
1083,Student_1083,11A,Female,Physics,35.0,D,0.714
1083,Student_1083,11A,Female,Chemistry,51.8,D,0.938
1083,Student_1083,11A,Female,Biology,37.3,D,0.757
1083,Student_1083,11A,Female,English,47.1,D,0.914
1083,Student_1083,11A,Female,History,49.3,D,0.771
1084,Student_1084,11A,Male,Math,100.0,A,0.822
1084,Student_1084,11A,Male,Physics,100.0,A,0.986
1084,Student_1084,11A,Male,Chemistry,93.6,A,0.789
1084,Student_1084,11A,Male,Biology,100.0,A,0.739
1084,Student_1084,11A,Male,English,87.7,B,0.875
1084,Student_1084,11A,Male,History,100.0,A,0.886
1085,Student_1085,11A,Male,Math,47.5,D,0.903
1085,Student_1085,11A,Male,Physics,47.1,D,0.859
1085,Student_1085,11A,Male,Chemistry,52.5,D,0.704
1085,Student_1085,11A,Male,Biology,46.5,D,0.931
1085,Student_1085,11A,Male,English,78.4,B,0.911
1085,Student_1085,11A,Male,History,86.9,B,0.958
1086,Student_1086,11A,Female,Math,76.4,B,0.745
1086,Student_1086,11A,Female,Physics,77.7,B,0.971
1086,Student_1086,11A,Female,Chemistry,82.0,B,0.969
1086,Student_1086,11A,Female,Biology,79.1,B,0.737
1086,Student_1086,11A,Female,English,74.5,C,0.724
1086,Student_1086,11A,Female,History,73.7,C,0.918
1087,Student_1087,11A,Female,Math,68.8,C,0.771
1087,Student_1087,11A,Female,Physics,73.9,C,0.953
1087,Student_1087,11A,Female,Chemistry,74.9,C,0.885
1087,Student_1087,11A,Female,Biology,80.7,B,0.96
1087,Student_1087,11A,Female,English,81.1,B,0.849
1087,Student_1087,11A,Female,History,74.9,C,0.878
1088,Student_1088,11A,Female,Math,82.9,B,0.944
1088,Student_1088,11A,Female,Physics,86.6,B,0.912
1088,Student_1088,11A,Female,Chemistry,92.1,A,0.744
1088,Student_1088,11A,Female,Biology,88.3,B,0.921
1088,Student_1088,11A,Female,English,100.0,A,0.837
1088,Student_1088,11A,Female,History,97.1,A,0.89
1089,Student_1089,11A,Female,Math,84.5,B,0.848
1089,Student_1089,11A,Female,Physics,69.4,C,0.705
1089,Student_1089,11A,Female,Chemistry,85.7,B,0.771
1089,Student_1089,11A,Female,Biology,83.6,B,0.766
1089,Student_1089,11A,Female,English,91.1,A,0.775
1089,Student_1089,11A,Female,History,86.8,B,0.98
1090,Student_1090,11A,Male,Math,75.0,C,0.986
1090,Student_1090,11A,Male,Physics,81.7,B,0.751
1090,Student_1090,11A,Male,Chemistry,100.0,A,0.838
1090,Student_1090,11A,Male,Biology,77.5,B,0.853
1090,Student_1090,11A,Male,English,99.6,A,0.739
1090,Student_1090,11A,Male,History,86.4,B,0.715
1091,Student_1091,11A,Male,Math,65.7,C,0.873
1091,Student_1091,11A,Male,Physics,73.9,C,0.745
1091,Student_1091,11A,Male,Chemistry,65.2,C,0.743
1091,Student_1091,11A,Male,Biology,64.8,C,0.714
1091,Student_1091,11A,Male,English,84.3,B,0.744
1091,Student_1091,11A,Male,History,70.8,C,0.771
1092,Student_1092,11A,Female,Math,73.5,C,0.722
1092,Student_1092,11A,Female,Physics,71.2,C,0.76
1092,Student_1092,11A,Female,Chemistry,75.4,B,0.972
1092,Student_1092,11A,Female,Biology,82.4,B,0.861
1092,Student_1092,11A,Female,English,79.4,B,0.963
1092,Student_1092,11A,Female,History,86.8,B,0.904
1093,Student_1093,11A,Male,Math,71.9,C,0.894
1093,Student_1093,11A,Male,Physics,64.6,C,0.963
1093,Student_1093,11A,Male,Chemistry,74.7,C,0.961
1093,Student_1093,11A,Male,Biology,54.1,D,0.764
1093,Student_1093,11A,Male,English,73.7,C,0.842
1093,Student_1093,11A,Male,History,71.0,C,0.776
1094,Student_1094,11A,Male,Math,79.7,B,0.986
1094,Student_1094,11A,Male,Physics,85.1,B,0.853
1094,Student_1094,11A,Male,Chemistry,87.1,B,0.755
1094,Student_1094,11A,Male,Biology,91.6,A,1.0
1094,Student_1094,11A,Male,English,100.0,A,0.986
1094,Student_1094,11A,Male,History,88.4,B,0.746
1095,Student_1095,11A,Male,Math,91.5,A,0.82
1095,Student_1095,11A,Male,Physics,100.0,A,0.983
1095,Student_1095,11A,Male,Chemistry,96.7,A,0.875
1095,Student_1095,11A,Male,Biology,100.0,A,0.881
1095,Student_1095,11A,Male,English,100.0,A,0.997
1095,Student_1095,11A,Male,History,100.0,A,0.773
1096,Student_1096,11A,Male,Math,78.3,B,0.83
1096,Student_1096,11A,Male,Physics,78.3,B,0.964
1096,Student_1096,11A,Male,Chemistry,65.5,C,0.778
1096,Student_1096,11A,Male,Biology,72.9,C,0.74
1096,Student_1096,11A,Male,English,87.5,B,0.802
1096,Student_1096,11A,Male,History,87.8,B,0.893
1097,Student_1097,11A,Male,Math,67.9,C,0.824
1097,Student_1097,11A,Male,Physics,70.0,C,0.723
1097,Student_1097,11A,Male,Chemistry,69.3,C,0.803
1097,Student_1097,11A,Male,Biology,89.3,B,0.853
1097,Student_1097,11A,Male,English,83.3,B,0.941
1097,Student_1097,11A,Male,History,94.5,A,0.889
1098,Student_1098,11A,Female,Math,88.1,B,0.758
1098,Student_1098,11A,Female,Physics,74.5,C,0.863
1098,Student_1098,11A,Female,Chemistry,90.6,A,0.998
1098,Student_1098,11A,Female,Biology,83.6,B,0.79
1098,Student_1098,11A,Female,English,94.5,A,0.845
1098,Student_1098,11A,Female,History,76.4,B,0.888
1099,Student_1099,11A,Male,Math,56.8,D,0.952
1099,Student_1099,11A,Male,Physics,57.2,D,0.87
1099,Student_1099,11A,Male,Chemistry,53.6,D,0.985
1099,Student_1099,11A,Male,Biology,70.1,C,0.757
1099,Student_1099,11A,Male,English,57.4,D,0.731
1099,Student_1099,11A,Male,History,63.7,C,0.832
1100,Student_1100,11A,Female,Math,54.4,D,0.867
1100,Student_1100,11A,Female,Physics,46.9,D,0.874
1100,Student_1100,11A,Female,Chemistry,59.0,D,0.802
1100,Student_1100,11A,Female,Biology,73.2,C,0.805
1100,Student_1100,11A,Female,English,60.7,C,0.998
1100,Student_1100,11A,Female,History,69.9,C,0.918
1101,Student_1101,11A,Female,Math,71.6,C,0.767
1101,Student_1101,11A,Female,Physics,78.1,B,0.846
1101,Student_1101,11A,Female,Chemistry,73.9,C,0.991
1101,Student_1101,11A,Female,Biology,84.0,B,0.738
1101,Student_1101,11A,Female,English,78.6,B,0.876
1101,Student_1101,11A,Female,History,80.7,B,0.975
1102,Student_1102,11A,Female,Math,62.3,C,0.753
1102,Student_1102,11A,Female,Physics,70.1,C,0.847
1102,Student_1102,11A,Female,Chemistry,80.8,B,0.897
1102,Student_1102,11A,Female,Biology,73.6,C,0.748
1102,Student_1102,11A,Female,English,85.2,B,0.901
1102,Student_1102,11A,Female,History,71.5,C,0.708
1103,Student_1103,11A,Female,Math,72.2,C,0.945
1103,Student_1103,11A,Female,Physics,52.6,D,0.78
1103,Student_1103,11A,Female,Chemistry,75.9,B,0.865
1103,Student_1103,11A,Female,Biology,64.4,C,0.782
1103,Student_1103,11A,Female,English,59.8,D,0.971
1103,Student_1103,11A,Female,History,69.8,C,0.986
1104,Student_1104,11A,Male,Math,37.8,D,0.923
1104,Student_1104,11A,Male,Physics,47.9,D,0.976
1104,Student_1104,11A,Male,Chemistry,52.3,D,0.829
1104,Student_1104,11A,Male,Biology,58.7,D,0.766
1104,Student_1104,11A,Male,English,46.4,D,0.762
1104,Student_1104,11A,Male,History,41.9,D,0.872
1105,Student_1105,11A,Male,Math,96.6,A,0.963
1105,Student_1105,11A,Male,Physics,96.9,A,0.889
1105,Student_1105,11A,Male,Chemistry,85.5,B,0.943
1105,Student_1105,11A,Male,Biology,78.6,B,0.977
1105,Student_1105,11A,Male,English,93.8,A,0.748
1105,Student_1105,11A,Male,History,81.4,B,0.849
1106,Student_1106,11B,Female,Math,87.7,B,0.999
1106,Student_1106,11B,Female,Physics,91.2,A,0.966
1106,Student_1106,11B,Female,Chemistry,80.2,B,0.873
1106,Student_1106,11B,Female,Biology,82.4,B,0.902
1106,Student_1106,11B,Female,English,100.0,A,0.819
1106,Student_1106,11B,Female,History,87.0,B,0.702
1107,Student_1107,11B,Female,Math,66.0,C,0.747
1107,Student_1107,11B,Female,Physics,70.9,C,0.934
1107,Student_1107,11B,Female,Chemistry,78.0,B,0.976
1107,Student_1107,11B,Female,Biology,81.5,B,0.736
1107,Student_1107,11B,Female,English,73.4,C,0.975
1107,Student_1107,11B,Female,History,71.5,C,0.933
1108,Student_1108,11B,Male,Math,58.8,D,0.885
1108,Student_1108,11B,Male,Physics,64.6,C,0.983
1108,Student_1108,11B,Male,Chemistry,50.5,D,0.872
1108,Student_1108,11B,Male,Biology,66.4,C,0.89
1108,Student_1108,11B,Male,English,74.6,C,0.968
1108,Student_1108,11B,Male,History,85.0,B,0.915
1109,Student_1109,11B,Female,Math,82.0,B,0.973
1109,Student_1109,11B,Female,Physics,79.1,B,0.987
1109,Student_1109,11B,Female,Chemistry,92.0,A,0.773
1109,Student_1109,11B,Female,Biology,100.0,A,0.711
1109,Student_1109,11B,Female,English,100.0,A,0.828
1109,Student_1109,11B,Female,History,91.5,A,0.855
1110,Student_1110,11B,Female,Math,65.8,C,0.797
1110,Student_1110,11B,Female,Physics,69.3,C,0.718
1110,Student_1110,11B,Female,Chemistry,51.1,D,0.847
1110,Student_1110,11B,Female,Biology,67.7,C,0.814
1110,Student_1110,11B,Female,English,64.9,C,0.858
1110,Student_1110,11B,Female,History,77.9,B,0.913
1111,Student_1111,11B,Male,Math,77.1,B,0.908
1111,Student_1111,11B,Male,Physics,85.4,B,0.755
1111,Student_1111,11B,Male,Chemistry,85.9,B,0.967
1111,Student_1111,11B,Male,Biology,85.1,B,0.915
1111,Student_1111,11B,Male,English,98.9,A,0.895
1111,Student_1111,11B,Male,History,94.2,A,0.871
1112,Student_1112,11B,Female,Math,63.9,C,0.977
1112,Student_1112,11B,Female,Physics,53.7,D,0.709
1112,Student_1112,11B,Female,Chemistry,51.7,D,0.781
1112,Student_1112,11B,Female,Biology,35.9,D,0.723
1112,Student_1112,11B,Female,English,55.8,D,0.779
1112,Student_1112,11B,Female,History,68.1,C,0.81
1113,Student_1113,11B,Male,Math,48.3,D,0.905
1113,Student_1113,11B,Male,Physics,58.6,D,0.925
1113,Student_1113,11B,Male,Chemistry,62.8,C,0.741
1113,Student_1113,11B,Male,Biology,60.0,D,0.848
1113,Student_1113,11B,Male,English,63.7,C,0.701
1113,Student_1113,11B,Male,History,65.5,C,0.796
1114,Student_1114,11B,Female,Math,60.6,C,0.879
1114,Student_1114,11B,Female,Physics,80.3,B,0.922
1114,Student_1114,11B,Female,Chemistry,62.6,C,0.909
1114,Student_1114,11B,Female,Biology,77.4,B,0.878
1114,Student_1114,11B,Female,English,65.2,C,0.853
1114,Student_1114,11B,Female,History,77.0,B,0.98
1115,Student_1115,11B,Male,Math,69.8,C,0.807
1115,Student_1115,11B,Male,Physics,70.0,C,0.742
1115,Student_1115,11B,Male,Chemistry,70.4,C,0.889
1115,Student_1115,11B,Male,Biology,55.3,D,0.851
1115,Student_1115,11B,Male,English,73.1,C,0.776
1115,Student_1115,11B,Male,History,78.8,B,0.793
1116,Student_1116,11B,Male,Math,70.4,C,0.729
1116,Student_1116,11B,Male,Physics,60.7,C,0.993
1116,Student_1116,11B,Male,Chemistry,61.0,C,0.902
1116,Student_1116,11B,Male,Biology,86.6,B,0.887
1116,Student_1116,11B,Male,English,79.7,B,0.9
1116,Student_1116,11B,Male,History,70.5,C,0.878
1117,Student_1117,11B,Female,Math,46.7,D,0.958
1117,Student_1117,11B,Female,Physics,44.6,D,0.848
1117,Student_1117,11B,Female,Chemistry,38.7,D,0.938
1117,Student_1117,11B,Female,Biology,55.9,D,0.808
1117,Student_1117,11B,Female,English,58.3,D,0.941
1117,Student_1117,11B,Female,History,55.6,D,0.973
1118,Student_1118,11B,Male,Math,80.5,B,0.732
1118,Student_1118,11B,Male,Physics,65.2,C,0.718
1118,Student_1118,11B,Male,Chemistry,67.7,C,0.763
1118,Student_1118,11B,Male,Biology,81.1,B,0.741
1118,Student_1118,11B,Male,English,71.9,C,0.773
1118,Student_1118,11B,Male,History,64.6,C,0.976
1119,Student_1119,11B,Male,Math,68.3,C,0.938
1119,Student_1119,11B,Male,Physics,69.6,C,0.807
1119,Student_1119,11B,Male,Chemistry,57.8,D,0.915
1119,Student_1119,11B,Male,Biology,81.0,B,0.97
1119,Student_1119,11B,Male,English,65.4,C,0.976
1119,Student_1119,11B,Male,History,65.6,C,0.984
1120,Student_1120,11B,Female,Math,35.0,D,0.785
1120,Student_1120,11B,Female,Physics,43.1,D,0.745
1120,Student_1120,11B,Female,Chemistry,38.1,D,0.826
1120,Student_1120,11B,Female,Biology,40.1,D,0.93
1120,Student_1120,11B,Female,English,48.6,D,0.817
1120,Student_1120,11B,Female,History,53.7,D,0.997
1121,Student_1121,11B,Male,Math,64.4,C,0.846
1121,Student_1121,11B,Male,Physics,69.2,C,0.791
1121,Student_1121,11B,Male,Chemistry,67.1,C,0.76
1121,Student_1121,11B,Male,Biology,55.9,D,0.913
1121,Student_1121,11B,Male,English,80.3,B,0.943
1121,Student_1121,11B,Male,History,75.4,B,0.797
1122,Student_1122,11B,Male,Math,95.2,A,0.758
1122,Student_1122,11B,Male,Physics,96.3,A,0.942
1122,Student_1122,11B,Male,Chemistry,100.0,A,0.809
1122,Student_1122,11B,Male,Biology,100.0,A,0.724
1122,Student_1122,11B,Male,English,100.0,A,0.875
1122,Student_1122,11B,Male,History,100.0,A,0.855
1123,Student_1123,11B,Female,Math,78.0,B,0.943
1123,Student_1123,11B,Female,Physics,66.5,C,0.876
1123,Student_1123,11B,Female,Chemistry,82.9,B,0.771
1123,Student_1123,11B,Female,Biology,88.3,B,0.831
1123,Student_1123,11B,Female,English,76.2,B,0.95
1123,Student_1123,11B,Female,History,81.8,B,0.849
1124,Student_1124,11B,Female,Math,98.7,A,0.913
1124,Student_1124,11B,Female,Physics,76.4,B,0.705
1124,Student_1124,11B,Female,Chemistry,80.7,B,0.834
1124,Student_1124,11B,Female,Biology,85.8,B,0.759
1124,Student_1124,11B,Female,English,93.5,A,0.978
1124,Student_1124,11B,Female,History,93.9,A,0.827
1125,Student_1125,11B,Male,Math,87.0,B,0.712
1125,Student_1125,11B,Male,Physics,89.3,B,0.903
1125,Student_1125,11B,Male,Chemistry,86.0,B,0.99
1125,Student_1125,11B,Male,Biology,88.2,B,0.813
1125,Student_1125,11B,Male,English,79.8,B,0.72
1125,Student_1125,11B,Male,History,92.5,A,0.83
1126,Student_1126,11B,Male,Math,94.0,A,0.829
1126,Student_1126,11B,Male,Physics,85.7,B,0.92
1126,Student_1126,11B,Male,Chemistry,87.0,B,0.723
1126,Student_1126,11B,Male,Biology,85.5,B,0.997
1126,Student_1126,11B,Male,English,82.6,B,0.88
1126,Student_1126,11B,Male,History,79.0,B,0.87
1127,Student_1127,11B,Female,Math,62.5,C,0.839
1127,Student_1127,11B,Female,Physics,71.5,C,0.749
1127,Student_1127,11B,Female,Chemistry,91.6,A,0.829
1127,Student_1127,11B,Female,Biology,73.7,C,0.742
1127,Student_1127,11B,Female,English,78.0,B,0.898
1127,Student_1127,11B,Female,History,72.9,C,0.806
1128,Student_1128,11B,Female,Math,73.6,C,0.809
1128,Student_1128,11B,Female,Physics,75.4,B,0.764
1128,Student_1128,11B,Female,Chemistry,71.2,C,0.856
1128,Student_1128,11B,Female,Biology,93.1,A,0.768
1128,Student_1128,11B,Female,English,90.3,A,0.75
1128,Student_1128,11B,Female,History,89.5,B,0.815
1129,Student_1129,11B,Male,Math,51.8,D,0.763
1129,Student_1129,11B,Male,Physics,48.9,D,0.904
1129,Student_1129,11B,Male,Chemistry,48.6,D,0.805
1129,Student_1129,11B,Male,Biology,57.4,D,0.767
1129,Student_1129,11B,Male,English,59.9,D,0.704
1129,Student_1129,11B,Male,History,62.6,C,0.964
1130,Student_1130,11B,Male,Math,48.2,D,0.933
1130,Student_1130,11B,Male,Physics,45.6,D,0.719
1130,Student_1130,11B,Male,Chemistry,62.7,C,0.76
1130,Student_1130,11B,Male,Biology,61.8,C,0.917
1130,Student_1130,11B,Male,English,57.6,D,0.948
1130,Student_1130,11B,Male,History,67.7,C,0.959
1131,Student_1131,11B,Male,Math,35.0,D,0.916
1131,Student_1131,11B,Male,Physics,48.6,D,0.868
1131,Student_1131,11B,Male,Chemistry,55.7,D,0.753
1131,Student_1131,11B,Male,Biology,60.6,C,0.842
1131,Student_1131,11B,Male,English,63.7,C,0.738
1131,Student_1131,11B,Male,History,50.7,D,0.985
1132,Student_1132,11B,Male,Math,69.4,C,0.752
1132,Student_1132,11B,Male,Physics,83.1,B,0.766
1132,Student_1132,11B,Male,Chemistry,72.3,C,0.718
1132,Student_1132,11B,Male,Biology,90.7,A,0.773
1132,Student_1132,11B,Male,English,80.3,B,0.922
1132,Student_1132,11B,Male,History,73.2,C,0.762
1133,Student_1133,11B,Male,Math,68.7,C,0.946
1133,Student_1133,11B,Male,Physics,65.8,C,0.873
1133,Student_1133,11B,Male,Chemistry,64.6,C,0.803
1133,Student_1133,11B,Male,Biology,78.5,B,0.853
1133,Student_1133,11B,Male,English,84.9,B,0.944
1133,Student_1133,11B,Male,History,97.1,A,0.859
1134,Student_1134,11B,Female,Math,45.4,D,0.726
1134,Student_1134,11B,Female,Physics,61.1,C,0.854
1134,Student_1134,11B,Female,Chemistry,54.9,D,0.922
1134,Student_1134,11B,Female,Biology,54.4,D,0.797
1134,Student_1134,11B,Female,English,44.7,D,0.733
1134,Student_1134,11B,Female,History,72.9,C,0.818
1135,Student_1135,11B,Male,Math,73.0,C,0.797
1135,Student_1135,11B,Male,Physics,70.9,C,0.939
1135,Student_1135,11B,Male,Chemistry,56.3,D,0.767
1135,Student_1135,11B,Male,Biology,63.6,C,0.76
1135,Student_1135,11B,Male,English,75.3,B,0.769
1135,Student_1135,11B,Male,History,75.7,B,0.726
1136,Student_1136,11B,Male,Math,76.1,B,0.811
1136,Student_1136,11B,Male,Physics,100.0,A,0.823
1136,Student_1136,11B,Male,Chemistry,92.1,A,1.0
1136,Student_1136,11B,Male,Biology,91.6,A,0.925
1136,Student_1136,11B,Male,English,93.0,A,0.911
1136,Student_1136,11B,Male,History,92.1,A,0.979
1137,Student_1137,11B,Male,Math,93.8,A,0.902
1137,Student_1137,11B,Male,Physics,83.0,B,0.831
1137,Student_1137,11B,Male,Chemistry,85.1,B,0.906
1137,Student_1137,11B,Male,Biology,76.9,B,0.894
1137,Student_1137,11B,Male,English,92.2,A,0.901
1137,Student_1137,11B,Male,History,79.4,B,0.849
1138,Student_1138,11B,Female,Math,79.2,B,0.712
1138,Student_1138,11B,Female,Physics,77.5,B,0.915
1138,Student_1138,11B,Female,Chemistry,72.3,C,0.746
1138,Student_1138,11B,Female,Biology,81.0,B,0.891
1138,Student_1138,11B,Female,English,75.8,B,0.741
1138,Student_1138,11B,Female,History,67.7,C,0.979
1139,Student_1139,11B,Male,Math,71.8,C,0.855
1139,Student_1139,11B,Male,Physics,61.2,C,0.703
1139,Student_1139,11B,Male,Chemistry,61.6,C,0.898
1139,Student_1139,11B,Male,Biology,73.4,C,0.87
1139,Student_1139,11B,Male,English,68.2,C,0.85
1139,Student_1139,11B,Male,History,83.3,B,0.794
1140,Student_1140,11B,Female,Math,77.6,B,0.909
1140,Student_1140,11B,Female,Physics,66.1,C,0.906
1140,Student_1140,11B,Female,Chemistry,65.3,C,0.871
1140,Student_1140,11B,Female,Biology,90.0,B,0.749
1140,Student_1140,11B,Female,English,69.4,C,0.719
1140,Student_1140,11B,Female,History,82.7,B,0.895
1141,Student_1141,12A,Female,Math,79.1,B,0.725
1141,Student_1141,12A,Female,Physics,77.2,B,0.957
1141,Student_1141,12A,Female,Chemistry,83.7,B,0.941
1141,Student_1141,12A,Female,Biology,95.3,A,0.833
1141,Student_1141,12A,Female,English,100.0,A,0.912
1141,Student_1141,12A,Female,History,91.1,A,0.885
1142,Student_1142,12A,Male,Math,69.1,C,0.971
1142,Student_1142,12A,Male,Physics,66.2,C,0.728
1142,Student_1142,12A,Male,Chemistry,75.1,B,0.918
1142,Student_1142,12A,Male,Biology,81.1,B,0.749
1142,Student_1142,12A,Male,English,68.4,C,0.862
1142,Student_1142,12A,Male,History,67.7,C,0.809
1143,Student_1143,12A,Male,Math,69.7,C,0.953
1143,Student_1143,12A,Male,Physics,65.5,C,0.781
1143,Student_1143,12A,Male,Chemistry,67.9,C,0.902
1143,Student_1143,12A,Male,Biology,81.8,B,0.975
1143,Student_1143,12A,Male,English,83.6,B,0.852
1143,Student_1143,12A,Male,History,77.9,B,0.795
1144,Student_1144,12A,Female,Math,68.2,C,0.939
1144,Student_1144,12A,Female,Physics,71.2,C,0.985
1144,Student_1144,12A,Female,Chemistry,75.3,B,0.911
1144,Student_1144,12A,Female,Biology,77.0,B,0.908
1144,Student_1144,12A,Female,English,82.2,B,0.958
1144,Student_1144,12A,Female,History,84.3,B,0.779
1145,Student_1145,12A,Female,Math,72.8,C,0.991
1145,Student_1145,12A,Female,Physics,68.6,C,0.786
1145,Student_1145,12A,Female,Chemistry,74.6,C,0.979
1145,Student_1145,12A,Female,Biology,71.1,C,0.88
1145,Student_1145,12A,Female,English,86.8,B,0.746
1145,Student_1145,12A,Female,History,83.8,B,0.992
1146,Student_1146,12A,Female,Math,78.9,B,0.841
1146,Student_1146,12A,Female,Physics,100.0,A,0.998
1146,Student_1146,12A,Female,Chemistry,91.1,A,0.898
1146,Student_1146,12A,Female,Biology,92.7,A,0.738
1146,Student_1146,12A,Female,English,100.0,A,0.734
1146,Student_1146,12A,Female,History,90.8,A,0.761
1147,Student_1147,12A,Female,Math,76.8,B,0.82
1147,Student_1147,12A,Female,Physics,85.0,B,0.9
1147,Student_1147,12A,Female,Chemistry,85.1,B,0.76
1147,Student_1147,12A,Female,Biology,93.4,A,0.945
1147,Student_1147,12A,Female,English,95.6,A,0.764
1147,Student_1147,12A,Female,History,96.0,A,0.821
1148,Student_1148,12A,Female,Math,58.8,D,0.85
1148,Student_1148,12A,Female,Physics,54.4,D,0.942
1148,Student_1148,12A,Female,Chemistry,67.3,C,0.828
1148,Student_1148,12A,Female,Biology,57.4,D,0.923
1148,Student_1148,12A,Female,English,52.2,D,0.954
1148,Student_1148,12A,Female,History,81.4,B,0.953
1149,Student_1149,12A,Male,Math,59.6,D,0.945
1149,Student_1149,12A,Male,Physics,65.8,C,0.873
1149,Student_1149,12A,Male,Chemistry,63.7,C,0.759
1149,Student_1149,12A,Male,Biology,61.1,C,0.953
1149,Student_1149,12A,Male,English,55.6,D,0.971
1149,Student_1149,12A,Male,History,56.2,D,0.77
1150,Student_1150,12A,Male,Math,100.0,A,0.782
1150,Student_1150,12A,Male,Physics,100.0,A,0.714
1150,Student_1150,12A,Male,Chemistry,100.0,A,0.741
1150,Student_1150,12A,Male,Biology,99.2,A,0.919
1150,Student_1150,12A,Male,English,99.2,A,0.727
1150,Student_1150,12A,Male,History,100.0,A,0.867
1151,Student_1151,12A,Male,Math,69.1,C,0.918
1151,Student_1151,12A,Male,Physics,66.5,C,0.922
1151,Student_1151,12A,Male,Chemistry,69.6,C,0.944
1151,Student_1151,12A,Male,Biology,86.0,B,0.951
1151,Student_1151,12A,Male,English,64.6,C,0.967
1151,Student_1151,12A,Male,History,62.8,C,0.857
1152,Student_1152,12A,Male,Math,82.5,B,0.878
1152,Student_1152,12A,Male,Physics,98.1,A,0.889
1152,Student_1152,12A,Male,Chemistry,78.4,B,0.915
1152,Student_1152,12A,Male,Biology,89.5,B,0.789
1152,Student_1152,12A,Male,English,86.3,B,0.892
1152,Student_1152,12A,Male,History,84.7,B,0.78
1153,Student_1153,12A,Female,Math,48.0,D,0.718
1153,Student_1153,12A,Female,Physics,52.2,D,0.84
1153,Student_1153,12A,Female,Chemistry,65.9,C,0.798
1153,Student_1153,12A,Female,Biology,80.6,B,0.727
1153,Student_1153,12A,Female,English,73.5,C,0.784
1153,Student_1153,12A,Female,History,64.8,C,0.743
1154,Student_1154,12A,Male,Math,69.1,C,0.911
1154,Student_1154,12A,Male,Physics,84.9,B,0.836
1154,Student_1154,12A,Male,Chemistry,66.7,C,0.703
1154,Student_1154,12A,Male,Biology,100.0,A,0.871
1154,Student_1154,12A,Male,English,77.2,B,0.925
1154,Student_1154,12A,Male,History,83.6,B,0.777
1155,Student_1155,12A,Male,Math,97.5,A,0.728
1155,Student_1155,12A,Male,Physics,83.7,B,0.984
1155,Student_1155,12A,Male,Chemistry,71.8,C,0.908
1155,Student_1155,12A,Male,Biology,94.2,A,0.713
1155,Student_1155,12A,Male,English,72.8,C,0.749
1155,Student_1155,12A,Male,History,72.6,C,0.951
1156,Student_1156,12A,Male,Math,66.3,C,0.809
1156,Student_1156,12A,Male,Physics,60.0,D,0.797
1156,Student_1156,12A,Male,Chemistry,51.1,D,0.793
1156,Student_1156,12A,Male,Biology,76.9,B,0.855
1156,Student_1156,12A,Male,English,77.9,B,0.897
1156,Student_1156,12A,Male,History,69.3,C,0.72
1157,Student_1157,12A,Male,Math,81.4,B,0.974
1157,Student_1157,12A,Male,Physics,67.0,C,0.709
1157,Student_1157,12A,Male,Chemistry,63.1,C,0.945
1157,Student_1157,12A,Male,Biology,72.3,C,0.954
1157,Student_1157,12A,Male,English,83.5,B,0.92
1157,Student_1157,12A,Male,History,72.8,C,0.753
1158,Student_1158,12A,Male,Math,91.1,A,0.708
1158,Student_1158,12A,Male,Physics,92.9,A,0.863
1158,Student_1158,12A,Male,Chemistry,100.0,A,0.953
1158,Student_1158,12A,Male,Biology,100.0,A,0.709
1158,Student_1158,12A,Male,English,100.0,A,0.882
1158,Student_1158,12A,Male,History,100.0,A,0.749
1159,Student_1159,12A,Male,Math,46.5,D,0.967
1159,Student_1159,12A,Male,Physics,47.6,D,0.791
1159,Student_1159,12A,Male,Chemistry,35.5,D,0.929
1159,Student_1159,12A,Male,Biology,56.9,D,0.736
1159,Student_1159,12A,Male,English,47.8,D,0.957
1159,Student_1159,12A,Male,History,64.8,C,0.922
1160,Student_1160,12A,Male,Math,79.9,B,0.785
1160,Student_1160,12A,Male,Physics,91.3,A,0.977
1160,Student_1160,12A,Male,Chemistry,77.8,B,0.709
1160,Student_1160,12A,Male,Biology,92.2,A,0.802
1160,Student_1160,12A,Male,English,94.3,A,0.701
1160,Student_1160,12A,Male,History,79.4,B,0.924
1161,Student_1161,12A,Male,Math,90.1,A,0.956
1161,Student_1161,12A,Male,Physics,72.3,C,0.861
1161,Student_1161,12A,Male,Chemistry,87.1,B,0.78
1161,Student_1161,12A,Male,Biology,76.2,B,0.967
1161,Student_1161,12A,Male,English,86.2,B,0.995
1161,Student_1161,12A,Male,History,83.8,B,0.761
1162,Student_1162,12A,Male,Math,56.3,D,0.801
1162,Student_1162,12A,Male,Physics,63.3,C,0.934
1162,Student_1162,12A,Male,Chemistry,79.4,B,0.925
1162,Student_1162,12A,Male,Biology,80.5,B,0.759
1162,Student_1162,12A,Male,English,74.2,C,0.749
1162,Student_1162,12A,Male,History,67.4,C,0.701
1163,Student_1163,12A,Female,Math,83.9,B,0.833
1163,Student_1163,12A,Female,Physics,90.1,A,0.918
1163,Student_1163,12A,Female,Chemistry,87.9,B,0.721
1163,Student_1163,12A,Female,Biology,88.1,B,0.892
1163,Student_1163,12A,Female,English,88.8,B,0.926
1163,Student_1163,12A,Female,History,100.0,A,0.978
1164,Student_1164,12A,Male,Math,65.9,C,0.869
1164,Student_1164,12A,Male,Physics,58.4,D,0.905
1164,Student_1164,12A,Male,Chemistry,67.1,C,0.84
1164,Student_1164,12A,Male,Biology,65.2,C,0.731
1164,Student_1164,12A,Male,English,69.3,C,0.957
1164,Student_1164,12A,Male,History,79.6,B,0.738
1165,Student_1165,12A,Male,Math,73.4,C,0.921
1165,Student_1165,12A,Male,Physics,80.6,B,0.709
1165,Student_1165,12A,Male,Chemistry,65.9,C,0.985
1165,Student_1165,12A,Male,Biology,71.8,C,0.756
1165,Student_1165,12A,Male,English,75.3,B,0.938
1165,Student_1165,12A,Male,History,73.3,C,0.937
1166,Student_1166,12A,Female,Math,85.2,B,0.727
1166,Student_1166,12A,Female,Physics,85.4,B,0.8
1166,Student_1166,12A,Female,Chemistry,92.2,A,0.709
1166,Student_1166,12A,Female,Biology,92.2,A,0.946
1166,Student_1166,12A,Female,English,86.1,B,0.932
1166,Student_1166,12A,Female,History,91.7,A,0.817
1167,Student_1167,12A,Female,Math,56.4,D,0.841
1167,Student_1167,12A,Female,Physics,66.1,C,0.738
1167,Student_1167,12A,Female,Chemistry,59.4,D,0.894
1167,Student_1167,12A,Female,Biology,62.8,C,0.716
1167,Student_1167,12A,Female,English,73.9,C,0.919
1167,Student_1167,12A,Female,History,80.8,B,0.811
1168,Student_1168,12A,Male,Math,100.0,A,0.969
1168,Student_1168,12A,Male,Physics,100.0,A,0.827
1168,Student_1168,12A,Male,Chemistry,100.0,A,0.748
1168,Student_1168,12A,Male,Biology,100.0,A,0.742
1168,Student_1168,12A,Male,English,100.0,A,0.991
1168,Student_1168,12A,Male,History,96.0,A,0.752
1169,Student_1169,12A,Male,Math,71.0,C,0.811
1169,Student_1169,12A,Male,Physics,93.4,A,0.779
1169,Student_1169,12A,Male,Chemistry,78.4,B,0.794
1169,Student_1169,12A,Male,Biology,76.1,B,0.912
1169,Student_1169,12A,Male,English,75.8,B,0.901
1169,Student_1169,12A,Male,History,94.8,A,0.778
1170,Student_1170,12A,Female,Math,58.3,D,0.932
1170,Student_1170,12A,Female,Physics,68.0,C,0.97
1170,Student_1170,12A,Female,Chemistry,78.5,B,0.709
1170,Student_1170,12A,Female,Biology,77.7,B,0.903
1170,Student_1170,12A,Female,English,63.8,C,0.773
1170,Student_1170,12A,Female,History,83.8,B,0.71
1171,Student_1171,12A,Male,Math,68.7,C,0.984
1171,Student_1171,12A,Male,Physics,85.3,B,0.861
1171,Student_1171,12A,Male,Chemistry,78.7,B,0.99
1171,Student_1171,12A,Male,Biology,80.0,B,0.919
1171,Student_1171,12A,Male,English,89.7,B,0.88
1171,Student_1171,12A,Male,History,72.6,C,0.707
1172,Student_1172,12A,Female,Math,62.8,C,0.821
1172,Student_1172,12A,Female,Physics,79.8,B,0.847
1172,Student_1172,12A,Female,Chemistry,70.9,C,0.793
1172,Student_1172,12A,Female,Biology,83.0,B,0.9
1172,Student_1172,12A,Female,English,72.3,C,0.901
1172,Student_1172,12A,Female,History,86.9,B,0.972
1173,Student_1173,12A,Female,Math,40.0,D,0.932
1173,Student_1173,12A,Female,Physics,46.6,D,0.753
1173,Student_1173,12A,Female,Chemistry,49.0,D,0.78
1173,Student_1173,12A,Female,Biology,54.3,D,0.823
1173,Student_1173,12A,Female,English,78.2,B,0.811
1173,Student_1173,12A,Female,History,62.6,C,0.901
1174,Student_1174,12A,Male,Math,89.6,B,0.946
1174,Student_1174,12A,Male,Physics,93.9,A,0.935
1174,Student_1174,12A,Male,Chemistry,100.0,A,0.848
1174,Student_1174,12A,Male,Biology,95.2,A,0.829
1174,Student_1174,12A,Male,English,100.0,A,0.896
1174,Student_1174,12A,Male,History,100.0,A,0.907
1175,Student_1175,12A,Male,Math,77.6,B,0.732
1175,Student_1175,12A,Male,Physics,73.3,C,0.831
1175,Student_1175,12A,Male,Chemistry,60.4,C,0.97
1175,Student_1175,12A,Male,Biology,62.0,C,0.872
1175,Student_1175,12A,Male,English,71.2,C,0.758
1175,Student_1175,12A,Male,History,82.0,B,0.878
1176,Student_1176,12B,Male,Math,64.7,C,0.945
1176,Student_1176,12B,Male,Physics,62.7,C,0.856
1176,Student_1176,12B,Male,Chemistry,64.5,C,0.819
1176,Student_1176,12B,Male,Biology,76.4,B,0.97
1176,Student_1176,12B,Male,English,63.5,C,0.929
1176,Student_1176,12B,Male,History,77.9,B,0.76
1177,Student_1177,12B,Female,Math,81.2,B,0.748
1177,Student_1177,12B,Female,Physics,82.8,B,0.772
1177,Student_1177,12B,Female,Chemistry,62.4,C,0.875
1177,Student_1177,12B,Female,Biology,75.9,B,0.845
1177,Student_1177,12B,Female,English,69.3,C,0.855
1177,Student_1177,12B,Female,History,80.7,B,0.715
1178,Student_1178,12B,Female,Math,71.5,C,0.957
1178,Student_1178,12B,Female,Physics,75.1,B,0.794
1178,Student_1178,12B,Female,Chemistry,74.1,C,0.768
1178,Student_1178,12B,Female,Biology,69.2,C,0.976
1178,Student_1178,12B,Female,English,72.5,C,0.816
1178,Student_1178,12B,Female,History,76.9,B,0.781
1179,Student_1179,12B,Female,Math,54.3,D,0.975
1179,Student_1179,12B,Female,Physics,56.0,D,0.85
1179,Student_1179,12B,Female,Chemistry,54.1,D,0.857
1179,Student_1179,12B,Female,Biology,75.3,B,0.805
1179,Student_1179,12B,Female,English,59.8,D,0.823
1179,Student_1179,12B,Female,History,64.4,C,0.898
1180,Student_1180,12B,Female,Math,60.6,C,0.726
1180,Student_1180,12B,Female,Physics,75.9,B,0.96
1180,Student_1180,12B,Female,Chemistry,79.7,B,0.941
1180,Student_1180,12B,Female,Biology,84.0,B,0.817
1180,Student_1180,12B,Female,English,80.5,B,0.866
1180,Student_1180,12B,Female,History,78.5,B,0.958
1181,Student_1181,12B,Female,Math,62.0,C,0.722
1181,Student_1181,12B,Female,Physics,63.2,C,0.966
1181,Student_1181,12B,Female,Chemistry,77.4,B,0.893
1181,Student_1181,12B,Female,Biology,69.0,C,0.784
1181,Student_1181,12B,Female,English,75.2,B,0.774
1181,Student_1181,12B,Female,History,100.0,A,0.749
1182,Student_1182,12B,Male,Math,77.0,B,0.732
1182,Student_1182,12B,Male,Physics,77.4,B,0.855
1182,Student_1182,12B,Male,Chemistry,75.6,B,0.779
1182,Student_1182,12B,Male,Biology,85.9,B,0.835
1182,Student_1182,12B,Male,English,84.7,B,0.925
1182,Student_1182,12B,Male,History,82.2,B,0.715
1183,Student_1183,12B,Male,Math,96.5,A,0.767
1183,Student_1183,12B,Male,Physics,100.0,A,0.984
1183,Student_1183,12B,Male,Chemistry,100.0,A,0.882
1183,Student_1183,12B,Male,Biology,100.0,A,0.994
1183,Student_1183,12B,Male,English,100.0,A,0.912
1183,Student_1183,12B,Male,History,100.0,A,0.994
1184,Student_1184,12B,Male,Math,66.9,C,0.92
1184,Student_1184,12B,Male,Physics,66.6,C,0.718
1184,Student_1184,12B,Male,Chemistry,68.3,C,0.728
1184,Student_1184,12B,Male,Biology,78.7,B,0.709
1184,Student_1184,12B,Male,English,96.4,A,0.991
1184,Student_1184,12B,Male,History,82.9,B,0.782
1185,Student_1185,12B,Female,Math,92.4,A,0.911
1185,Student_1185,12B,Female,Physics,100.0,A,0.905
1185,Student_1185,12B,Female,Chemistry,85.5,B,0.987
1185,Student_1185,12B,Female,Biology,100.0,A,0.831
1185,Student_1185,12B,Female,English,100.0,A,0.75
1185,Student_1185,12B,Female,History,100.0,A,0.997
1186,Student_1186,12B,Female,Math,35.0,D,0.976
1186,Student_1186,12B,Female,Physics,52.1,D,0.954
1186,Student_1186,12B,Female,Chemistry,40.4,D,0.771
1186,Student_1186,12B,Female,Biology,41.6,D,0.792
1186,Student_1186,12B,Female,English,44.2,D,0.786
1186,Student_1186,12B,Female,History,53.7,D,0.986
1187,Student_1187,12B,Male,Math,44.1,D,0.931
1187,Student_1187,12B,Male,Physics,39.8,D,0.83
1187,Student_1187,12B,Male,Chemistry,54.5,D,0.804
1187,Student_1187,12B,Male,Biology,64.9,C,0.991
1187,Student_1187,12B,Male,English,47.7,D,0.753
1187,Student_1187,12B,Male,History,58.2,D,0.999
1188,Student_1188,12B,Male,Math,73.8,C,0.948
1188,Student_1188,12B,Male,Physics,48.7,D,0.923
1188,Student_1188,12B,Male,Chemistry,68.9,C,0.924
1188,Student_1188,12B,Male,Biology,64.1,C,0.723
1188,Student_1188,12B,Male,English,70.0,C,0.937
1188,Student_1188,12B,Male,History,76.2,B,0.952
1189,Student_1189,12B,Male,Math,88.8,B,0.745
1189,Student_1189,12B,Male,Physics,88.9,B,0.816
1189,Student_1189,12B,Male,Chemistry,72.6,C,0.918
1189,Student_1189,12B,Male,Biology,88.8,B,0.974
1189,Student_1189,12B,Male,English,97.5,A,0.855
1189,Student_1189,12B,Male,History,93.5,A,0.857
1190,Student_1190,12B,Male,Math,52.5,D,0.815
1190,Student_1190,12B,Male,Physics,54.6,D,0.893
1190,Student_1190,12B,Male,Chemistry,50.9,D,0.8
1190,Student_1190,12B,Male,Biology,60.0,C,0.865
1190,Student_1190,12B,Male,English,55.1,D,0.882
1190,Student_1190,12B,Male,History,49.3,D,0.91
1191,Student_1191,12B,Female,Math,100.0,A,0.951
1191,Student_1191,12B,Female,Physics,92.1,A,0.755
1191,Student_1191,12B,Female,Chemistry,86.2,B,0.731
1191,Student_1191,12B,Female,Biology,95.7,A,0.902
1191,Student_1191,12B,Female,English,96.8,A,0.766
1191,Student_1191,12B,Female,History,92.0,A,0.791
1192,Student_1192,12B,Male,Math,60.0,D,0.946
1192,Student_1192,12B,Male,Physics,70.2,C,0.715
1192,Student_1192,12B,Male,Chemistry,68.6,C,0.938
1192,Student_1192,12B,Male,Biology,62.9,C,0.919
1192,Student_1192,12B,Male,English,79.4,B,0.915
1192,Student_1192,12B,Male,History,89.7,B,0.833
1193,Student_1193,12B,Female,Math,60.5,C,0.969
1193,Student_1193,12B,Female,Physics,49.5,D,0.815
1193,Student_1193,12B,Female,Chemistry,80.1,B,0.926
1193,Student_1193,12B,Female,Biology,59.0,D,0.92
1193,Student_1193,12B,Female,English,82.2,B,0.868
1193,Student_1193,12B,Female,History,52.5,D,0.92
1194,Student_1194,12B,Male,Math,85.2,B,0.869
1194,Student_1194,12B,Male,Physics,71.1,C,0.988
1194,Student_1194,12B,Male,Chemistry,77.2,B,0.839
1194,Student_1194,12B,Male,Biology,96.4,A,0.721
1194,Student_1194,12B,Male,English,88.2,B,0.957
1194,Student_1194,12B,Male,History,91.9,A,0.707
1195,Student_1195,12B,Female,Math,74.8,C,0.865
1195,Student_1195,12B,Female,Physics,82.5,B,0.916
1195,Student_1195,12B,Female,Chemistry,86.1,B,0.835
1195,Student_1195,12B,Female,Biology,81.4,B,0.943
1195,Student_1195,12B,Female,English,71.7,C,0.8
1195,Student_1195,12B,Female,History,93.5,A,0.969
1196,Student_1196,12B,Female,Math,35.0,D,0.712
1196,Student_1196,12B,Female,Physics,46.5,D,0.928
1196,Student_1196,12B,Female,Chemistry,36.4,D,0.766
1196,Student_1196,12B,Female,Biology,35.0,D,0.986
1196,Student_1196,12B,Female,English,41.5,D,0.879
1196,Student_1196,12B,Female,History,53.1,D,0.962
1197,Student_1197,12B,Male,Math,93.5,A,0.921
1197,Student_1197,12B,Male,Physics,83.6,B,0.938
1197,Student_1197,12B,Male,Chemistry,92.8,A,0.708
1197,Student_1197,12B,Male,Biology,82.1,B,0.954
1197,Student_1197,12B,Male,English,93.8,A,0.854
1197,Student_1197,12B,Male,History,97.8,A,0.918
1198,Student_1198,12B,Male,Math,74.3,C,0.916
1198,Student_1198,12B,Male,Physics,83.9,B,0.967
1198,Student_1198,12B,Male,Chemistry,100.0,A,0.794
1198,Student_1198,12B,Male,Biology,94.2,A,0.905
1198,Student_1198,12B,Male,English,91.3,A,0.866
1198,Student_1198,12B,Male,History,98.3,A,0.908
1199,Student_1199,12B,Female,Math,98.7,A,0.763
1199,Student_1199,12B,Female,Physics,98.2,A,0.73
1199,Student_1199,12B,Female,Chemistry,97.2,A,0.992
1199,Student_1199,12B,Female,Biology,100.0,A,0.786
1199,Student_1199,12B,Female,English,100.0,A,0.826
1199,Student_1199,12B,Female,History,100.0,A,0.826
1200,Student_1200,12B,Male,Math,35.0,D,0.798
1200,Student_1200,12B,Male,Physics,45.6,D,0.749
1200,Student_1200,12B,Male,Chemistry,38.7,D,0.754
1200,Student_1200,12B,Male,Biology,35.0,D,0.826
1200,Student_1200,12B,Male,English,53.4,D,0.942
1200,Student_1200,12B,Male,History,49.2,D,0.77
1201,Student_1201,12B,Male,Math,71.6,C,0.751
1201,Student_1201,12B,Male,Physics,74.4,C,0.85
1201,Student_1201,12B,Male,Chemistry,71.5,C,0.89
1201,Student_1201,12B,Male,Biology,80.5,B,0.957
1201,Student_1201,12B,Male,English,86.8,B,0.82
1201,Student_1201,12B,Male,History,73.1,C,0.824
1202,Student_1202,12B,Male,Math,70.7,C,0.808
1202,Student_1202,12B,Male,Physics,84.0,B,0.919
1202,Student_1202,12B,Male,Chemistry,83.0,B,0.993
1202,Student_1202,12B,Male,Biology,92.4,A,0.708
1202,Student_1202,12B,Male,English,100.0,A,0.948
1202,Student_1202,12B,Male,History,94.0,A,0.739
1203,Student_1203,12B,Male,Math,81.1,B,0.891
1203,Student_1203,12B,Male,Physics,87.5,B,0.785
1203,Student_1203,12B,Male,Chemistry,87.3,B,0.848
1203,Student_1203,12B,Male,Biology,100.0,A,0.719
1203,Student_1203,12B,Male,English,100.0,A,0.921
1203,Student_1203,12B,Male,History,87.7,B,0.773
1204,Student_1204,12B,Male,Math,90.3,A,0.814
1204,Student_1204,12B,Male,Physics,90.6,A,0.88
1204,Student_1204,12B,Male,Chemistry,84.7,B,0.702
1204,Student_1204,12B,Male,Biology,100.0,A,0.986
1204,Student_1204,12B,Male,English,85.2,B,0.823
1204,Student_1204,12B,Male,History,100.0,A,0.786
1205,Student_1205,12B,Male,Math,54.8,D,0.975
1205,Student_1205,12B,Male,Physics,42.4,D,0.951
1205,Student_1205,12B,Male,Chemistry,58.8,D,0.769
1205,Student_1205,12B,Male,Biology,53.1,D,0.787
1205,Student_1205,12B,Male,English,64.7,C,0.963
1205,Student_1205,12B,Male,History,48.0,D,0.736
1206,Student_1206,12B,Female,Math,41.4,D,0.704
1206,Student_1206,12B,Female,Physics,52.9,D,0.766
1206,Student_1206,12B,Female,Chemistry,53.5,D,0.745
1206,Student_1206,12B,Female,Biology,52.2,D,0.774
1206,Student_1206,12B,Female,English,44.9,D,0.853
1206,Student_1206,12B,Female,History,45.9,D,0.925
1207,Student_1207,12B,Female,Math,65.4,C,0.868
1207,Student_1207,12B,Female,Physics,60.8,C,0.95
1207,Student_1207,12B,Female,Chemistry,57.0,D,0.796
1207,Student_1207,12B,Female,Biology,78.7,B,0.958
1207,Student_1207,12B,Female,English,74.3,C,0.872
1207,Student_1207,12B,Female,History,76.2,B,0.708
1208,Student_1208,12B,Female,Math,68.3,C,0.82
1208,Student_1208,12B,Female,Physics,63.7,C,0.895
1208,Student_1208,12B,Female,Chemistry,79.7,B,0.773
1208,Student_1208,12B,Female,Biology,68.8,C,0.753
1208,Student_1208,12B,Female,English,59.8,D,0.963
1208,Student_1208,12B,Female,History,92.5,A,0.779
1209,Student_1209,12B,Male,Math,71.1,C,0.859
1209,Student_1209,12B,Male,Physics,77.8,B,0.739
1209,Student_1209,12B,Male,Chemistry,77.2,B,0.957
1209,Student_1209,12B,Male,Biology,74.2,C,0.935
1209,Student_1209,12B,Male,English,75.0,B,0.84
1209,Student_1209,12B,Male,History,87.4,B,0.838
1210,Student_1210,12B,Female,Math,56.7,D,0.778
1210,Student_1210,12B,Female,Physics,63.7,C,0.751
1210,Student_1210,12B,Female,Chemistry,54.9,D,0.766
1210,Student_1210,12B,Female,Biology,66.2,C,0.851
1210,Student_1210,12B,Female,English,60.8,C,0.894
1210,Student_1210,12B,Female,History,54.8,D,0.767
