Employee_ID,Name,Age,Department,Position,Salary,Join_Date,City,Email,Performance_Rating,Years_Experience,Salary_Band,Age_Group
EMP1001,Priya Sharma,41.0,Operations,Junior,78984.0,2023-05-27,Delhi,priya.sharma@company.com,3.0,2.4,Mid Level,40-49
EMP1002,Sneha Singh,29.0,Operations,Manager,170268.0,2022-11-24,Hyderabad,sneha.singh@company.com,2.0,2.9,Executive Level,20-29
EMP1003,Priya Rao,40.0,It,Manager,117194.0,2021-09-12,Mumbai,priya.rao@company.com,5.0,4.1,Senior Level,40-49
EMP1004,Sneha Kumar,57.0,Sales,Director,120263.0,2021-02-19,Mumbai,sneha.kumar@company.com,3.0,4.7,Executive Level,50+
EMP1005,Sneha Rao,43.0,Hr,Lead,124820.0,2023-08-26,Pune,sneha.rao@company.com,4.0,2.2,Executive Level,40-49
EMP1006,Vikram Sharma,51.0,Hr,Analyst,97969.0,2022-06-06,Chennai,vikram.sharma@company.com,4.0,3.4,Senior Level,50+
EMP1007,Anita Gupta,42.0,Hr,Senior,113104.0,2024-07-01,Bangalore,anita.gupta@company.com,2.0,1.3,Senior Level,40-49
EMP1008,Priya Patel,43.0,Marketing,Manager,131932.0,2023-09-17,Bangalore,priya.patel@company.com,1.0,2.1,Executive Level,40-49
EMP1009,Anita Gupta,48.0,It,Analyst,75658.0,2024-05-11,Chennai,anita.gupta@company.com,2.0,1.5,Mid Level,40-49
EMP1010,Priya Rao,49.0,It,Director,82747.0,2023-02-01,Bangalore,priya.rao@company.com,3.0,2.8,Senior Level,40-49
EMP1011,Anita Kumar,24.0,Operations,Manager,129092.0,2020-09-17,Mumbai,anita.kumar@company.com,5.0,5.1,Executive Level,20-29
EMP1012,Sneha Gupta,30.0,It,Senior,130038.0,2022-03-16,Mumbai,sneha.gupta@company.com,4.0,3.6,Executive Level,30-39
EMP1013,Ravi Gupta,46.0,Marketing,Analyst,138859.0,2025-09-20,Bangalore,ravi.gupta@company.com,2.0,0.1,Executive Level,40-49
EMP1014,Amit Jain,30.0,Finance,Senior,53897.0,2024-03-18,Hyderabad,amit.jain@company.com,2.0,1.6,Mid Level,30-39
EMP1015,Vikram Patel,41.0,Sales,Analyst,53483.0,2021-09-16,Delhi,vikram.patel@company.com,4.0,4.1,Mid Level,40-49
EMP1016,Sneha Singh,29.0,Marketing,Lead,170510.0,2025-08-30,Bangalore,..sneha.singh..@company.com,1.0,0.2,Executive Level,20-29
EMP1017,Sneha Jain,57.0,It,Senior,117121.0,2020-07-26,Mumbai,sneha.jain@company.com,4.0,5.3,Senior Level,50+
EMP1018,Anita Rao,23.0,Finance,Manager,126557.0,2021-11-20,Delhi,anita.rao@company.com,2.0,4.0,Executive Level,20-29
EMP1019,Anita Kumar,25.0,Operations,Lead,144651.0,2021-08-25,Chennai,anita.kumar@company.com,2.0,4.2,Executive Level,20-29
EMP1020,Kavya Singh,47.0,Finance,Senior,101211.0,2025-04-25,Delhi,kavya.singh@company.com,2.0,0.5,Senior Level,40-49
EMP1021,Vikram Rao,57.0,Sales,Lead,92606.0,2023-07-11,Bangalore,vikram.rao@company.com,4.0,2.3,Senior Level,50+
EMP1022,Sneha Singh,61.0,Sales,Lead,149812.0,2023-10-15,Mumbai,sneha.singh@company.com,5.0,2.1,Executive Level,50+
EMP1023,Rahul Patel,39.0,Hr,Analyst,112798.0,2022-10-23,Delhi,rahul.patel@company.com,2.0,3.0,Senior Level,30-39
EMP1024,Ravi Patel,46.0,Marketing,Lead,146779.0,2025-03-30,Pune,ravi.patel@company.com,4.0,0.6,Executive Level,40-49
EMP1025,Kavya Gupta,62.0,Sales,Manager,98044.0,2025-09-19,Hyderabad,kavya.gupta@company.com,5.0,0.1,Senior Level,50+
EMP1026,Priya Gupta,41.0,Operations,Junior,78984.0,2020-08-28,Mumbai,priya.gupta@company.com,1.0,5.2,Mid Level,40-49
EMP1027,Vikram Rao,45.0,Hr,Lead,122592.0,2023-12-26,Mumbai,vikram.rao@company.com,3.0,1.9,Executive Level,40-49
EMP1028,Vikram Singh,38.0,Sales,Manager,93159.0,2021-02-08,Hyderabad,vikram.singh@company.com,3.0,4.7,Senior Level,30-39
EMP1029,Vikram Kumar,54.0,Hr,Junior,42666.0,2020-11-02,Delhi,vikram.kumar@company.com,2.0,5.0,Entry Level,50+
EMP1030,Rahul Jain,60.0,Marketing,Manager,124505.0,2025-08-24,Mumbai,rahul.jain@company.com,4.0,0.2,Executive Level,50+
EMP1031,Anita Gupta,42.5,Hr,Manager,68392.0,2020-08-27,Delhi,..anita.gupta..@company.com,4.0,5.2,Mid Level,40-49
EMP1032,Priya Patel,55.0,Operations,Lead,112256.0,2022-10-28,Mumbai,priya.patel@company.com,5.0,3.0,Senior Level,50+
EMP1033,Amit Singh,56.0,Operations,Lead,144651.0,2020-07-26,Pune,amit.singh@company.com,3.0,5.3,Executive Level,50+
EMP1034,Amit Gupta,56.0,Sales,Director,130592.0,2020-12-06,Chennai,amit.gupta@company.com,3.0,4.9,Executive Level,50+
EMP1035,Sneha Kumar,35.0,Operations,Junior,57266.0,2020-11-06,Chennai,sneha.kumar@company.com,5.0,5.0,Mid Level,30-39
EMP1036,Anita Reddy,47.0,Sales,Lead,158806.0,2023-08-29,Mumbai,anita.reddy@company.com,3.0,2.2,Executive Level,40-49
EMP1037,Sneha Kumar,30.0,It,Junior,97295.0,2022-11-30,Mumbai,sneha.kumar@company.com,2.0,2.9,Senior Level,30-39
EMP1038,Sneha Kumar,63.0,It,Manager,103419.0,2021-09-10,Hyderabad,sneha.kumar@company.com,3.0,4.1,Senior Level,50+
EMP1039,Rahul Kumar,53.0,It,Manager,197478.0,2022-04-18,Bangalore,rahul.kumar@company.com,4.0,3.5,Executive Level,50+
EMP1040,Priya Kumar,53.0,Finance,Analyst,117939.0,2020-12-11,Chennai,priya.kumar@company.com,5.0,4.9,Senior Level,50+
EMP1041,Sneha Singh,44.0,Operations,Director,144896.0,2023-09-16,Pune,sneha.singh@company.com,3.0,2.1,Executive Level,40-49
EMP1042,Kavya Kumar,50.0,Marketing,Lead,93827.0,2024-04-27,Delhi,kavya.kumar@company.com,3.0,1.5,Senior Level,50+
EMP1043,Priya Patel,43.0,Operations,Lead,82299.0,2024-03-05,Bangalore,priya.patel@company.com,2.0,1.7,Senior Level,40-49
EMP1044,Ravi Rao,27.0,Marketing,Analyst,125003.0,2022-11-17,Mumbai,ravi.rao@company.com,4.0,3.0,Executive Level,20-29
EMP1045,Priya Sharma,41.0,Marketing,Analyst,78925.0,2022-01-18,Bangalore,priya.sharma@company.com,2.0,3.8,Mid Level,40-49
EMP1046,Priya Kumar,49.0,Hr,Senior,51976.0,2022-04-28,Pune,..priya.kumar..@company.com,1.0,3.5,Mid Level,40-49
EMP1047,Kavya Singh,22.0,Marketing,Senior,96842.0,2024-01-10,Bangalore,kavya.singh@company.com,4.0,1.8,Senior Level,20-29
EMP1048,Kavya Kumar,34.0,It,Lead,135016.0,2022-03-31,Pune,kavya.kumar@company.com,3.0,3.6,Executive Level,30-39
EMP1049,Priya Sharma,30.0,Operations,Director,179101.0,2021-02-06,Mumbai,priya.sharma@company.com,1.0,4.7,Executive Level,30-39
EMP1050,Priya Kumar,63.0,Hr,Lead,126199.0,2020-09-09,Chennai,priya.kumar@company.com,1.0,5.1,Executive Level,50+
EMP1051,Kavya Kumar,43.0,Marketing,Manager,112733.0,2020-09-29,Delhi,kavya.kumar@company.com,2.0,5.1,Senior Level,40-49
EMP1052,Ravi Sharma,24.0,Marketing,Junior,53664.0,2021-04-11,Chennai,ravi.sharma@company.com,1.0,4.6,Mid Level,20-29
EMP1053,Vikram Rao,38.0,Operations,Analyst,145386.0,2025-06-13,Pune,vikram.rao@company.com,2.0,0.4,Executive Level,30-39
EMP1054,Kavya Singh,23.0,Hr,Junior,142859.0,2021-05-28,Delhi,kavya.singh@company.com,5.0,4.4,Executive Level,20-29
EMP1055,Rahul Sharma,53.0,Operations,Junior,78984.0,2024-09-14,Mumbai,rahul.sharma@company.com,3.0,1.1,Mid Level,50+
EMP1056,Rahul Reddy,23.0,Sales,Director,147092.0,2021-01-30,Delhi,rahul.reddy@company.com,2.0,4.8,Executive Level,20-29
EMP1057,Rahul Patel,53.0,Hr,Manager,86309.0,2021-10-25,Pune,rahul.patel@company.com,4.0,4.0,Senior Level,50+
EMP1058,Priya Kumar,32.0,Marketing,Manager,169751.0,2025-06-03,Pune,priya.kumar@company.com,1.0,0.4,Executive Level,30-39
EMP1059,Sneha Sharma,59.0,Sales,Manager,127863.0,2020-08-30,Chennai,sneha.sharma@company.com,4.0,5.2,Executive Level,50+
EMP1060,Anita Gupta,55.0,Hr,Analyst,95733.0,2023-01-26,Hyderabad,anita.gupta@company.com,3.0,2.8,Senior Level,50+
EMP1061,Anita Kumar,46.5,Finance,Lead,85184.0,2022-05-28,Delhi,..anita.kumar..@company.com,4.0,3.4,Senior Level,40-49
EMP1062,Vikram Reddy,27.0,Finance,Manager,111663.0,2021-12-31,Mumbai,vikram.reddy@company.com,3.0,3.8,Senior Level,20-29
EMP1063,Kavya Patel,41.0,It,Director,82811.0,2023-02-22,Delhi,kavya.patel@company.com,4.0,2.7,Senior Level,40-49
EMP1064,Vikram Singh,40.0,Finance,Manager,94754.0,2021-07-22,Delhi,vikram.singh@company.com,3.0,4.3,Senior Level,40-49
EMP1065,Anita Gupta,41.0,Hr,Lead,62911.0,2021-01-03,Pune,anita.gupta@company.com,4.0,4.8,Mid Level,40-49
EMP1066,Vikram Sharma,62.0,Operations,Director,144896.0,2020-05-23,Bangalore,vikram.sharma@company.com,2.0,5.4,Executive Level,50+
EMP1067,Priya Singh,61.0,Finance,Manager,97504.0,2020-10-27,Mumbai,priya.singh@company.com,3.0,5.0,Senior Level,50+
EMP1068,Amit Gupta,46.0,Finance,Director,172561.0,2025-05-06,Delhi,amit.gupta@company.com,2.0,0.5,Executive Level,40-49
EMP1069,Anita Kumar,56.0,Operations,Analyst,46646.0,2020-11-11,Bangalore,anita.kumar@company.com,2.0,5.0,Entry Level,50+
EMP1070,Kavya Gupta,23.0,It,Manager,111616.0,2022-02-14,Hyderabad,kavya.gupta@company.com,4.0,3.7,Senior Level,20-29
EMP1071,Ravi Gupta,26.0,It,Manager,197796.0,2022-07-08,Bangalore,ravi.gupta@company.com,3.0,3.3,Executive Level,20-29
EMP1072,Amit Gupta,30.0,Hr,Analyst,37400.0,2022-09-07,Chennai,amit.gupta@company.com,3.0,3.2,Entry Level,30-39
EMP1073,Ravi Sharma,37.0,It,Manager,125619.5,2024-08-26,Hyderabad,ravi.sharma@company.com,1.0,1.2,Executive Level,30-39
EMP1074,Amit Sharma,45.0,Finance,Director,89299.0,2024-02-25,Pune,amit.sharma@company.com,1.0,1.7,Senior Level,40-49
EMP1075,Amit Rao,29.0,Hr,Manager,65539.0,2021-10-19,Bangalore,amit.rao@company.com,4.0,4.0,Mid Level,20-29
EMP1076,Anita Sharma,46.5,Finance,Senior,32557.0,2021-08-29,Hyderabad,..anita.sharma..@company.com,3.0,4.2,Entry Level,40-49
EMP1077,Sneha Patel,46.0,Finance,Director,172476.0,2023-04-04,Chennai,sneha.patel@company.com,2.0,2.6,Executive Level,40-49
EMP1078,Amit Kumar,23.0,Hr,Senior,32869.0,2022-07-05,Chennai,amit.kumar@company.com,5.0,3.3,Entry Level,20-29
EMP1079,Rahul Singh,62.0,Operations,Junior,124179.0,2025-04-26,Chennai,rahul.singh@company.com,4.0,0.5,Executive Level,50+
EMP1080,Sneha Gupta,54.0,Hr,Analyst,149181.0,2022-03-13,Mumbai,sneha.gupta@company.com,4.0,3.6,Executive Level,50+
EMP1081,Ravi Sharma,29.0,Marketing,Senior,82921.0,2022-06-03,Delhi,ravi.sharma@company.com,1.0,3.4,Senior Level,20-29
EMP1082,Kavya Jain,54.0,Finance,Senior,100091.0,2023-02-22,Delhi,kavya.jain@company.com,3.0,2.7,Senior Level,50+
EMP1083,Rahul Kumar,43.0,Marketing,Junior,49830.0,2022-11-23,Bangalore,rahul.kumar@company.com,5.0,2.9,Entry Level,40-49
EMP1084,Priya Gupta,29.0,Finance,Analyst,49738.0,2025-09-07,Pune,priya.gupta@company.com,2.0,0.2,Entry Level,20-29
EMP1085,Ravi Jain,42.0,It,Manager,134045.0,2021-04-15,Bangalore,ravi.jain@company.com,4.0,4.6,Executive Level,40-49
EMP1086,Amit Gupta,54.0,It,Manager,174660.0,2022-12-19,Pune,amit.gupta@company.com,5.0,2.9,Executive Level,50+
EMP1087,Ravi Jain,40.0,Operations,Junior,86835.0,2024-04-05,Chennai,ravi.jain@company.com,1.0,1.6,Senior Level,40-49
EMP1088,Priya Rao,38.0,Sales,Senior,86491.0,2022-05-09,Bangalore,priya.rao@company.com,5.0,3.5,Senior Level,30-39
EMP1089,Rahul Rao,27.0,It,Director,127202.0,2020-07-06,Pune,rahul.rao@company.com,1.0,5.3,Executive Level,20-29
EMP1090,Sneha Jain,58.0,Marketing,Manager,78711.0,2021-12-31,Hyderabad,sneha.jain@company.com,1.0,3.8,Mid Level,50+
EMP1091,Anita Jain,41.0,Operations,Manager,160793.0,2023-11-04,Hyderabad,..anita.jain..@company.com,1.0,2.0,Executive Level,40-49
EMP1092,Vikram Gupta,42.0,Operations,Lead,161279.0,2022-07-07,Bangalore,vikram.gupta@company.com,3.0,3.3,Executive Level,40-49
EMP1093,Ravi Gupta,39.0,Sales,Senior,64584.0,2020-12-10,Delhi,ravi.gupta@company.com,2.0,4.9,Mid Level,30-39
EMP1094,Ravi Rao,24.0,Operations,Analyst,130199.0,2023-11-18,Delhi,ravi.rao@company.com,2.0,2.0,Executive Level,20-29
EMP1095,Vikram Rao,53.0,Sales,Manager,64014.0,2023-06-03,Bangalore,vikram.rao@company.com,2.0,2.4,Mid Level,50+
EMP1096,Vikram Kumar,48.0,Marketing,Director,70729.0,2021-11-24,Pune,vikram.kumar@company.com,2.0,3.9,Mid Level,40-49
EMP1097,Anita Reddy,38.0,Marketing,Lead,87751.0,2020-05-30,Hyderabad,anita.reddy@company.com,1.0,5.4,Senior Level,30-39
EMP1098,Sneha Reddy,64.0,Operations,Senior,108069.0,2022-06-22,Hyderabad,sneha.reddy@company.com,5.0,3.4,Senior Level,50+
EMP1099,Priya Gupta,63.0,Sales,Analyst,49190.0,2024-04-14,Hyderabad,priya.gupta@company.com,3.0,1.6,Entry Level,50+
EMP1100,Anita Patel,46.0,Hr,Analyst,40647.0,2024-04-27,Bangalore,anita.patel@company.com,3.0,1.5,Entry Level,40-49
EMP1101,Sneha Kumar,42.5,Hr,Manager,149912.0,2025-08-29,Mumbai,sneha.kumar@company.com,5.0,0.2,Executive Level,40-49
EMP1102,Sneha Reddy,41.0,Sales,Manager,62368.0,2020-10-30,Chennai,sneha.reddy@company.com,4.0,5.0,Mid Level,40-49
EMP1103,Ravi Kumar,44.0,Operations,Analyst,43403.0,2021-12-26,Chennai,ravi.kumar@company.com,2.0,3.9,Entry Level,40-49
EMP1104,Kavya Rao,53.0,Hr,Senior,40966.0,2023-06-03,Hyderabad,kavya.rao@company.com,3.0,2.4,Entry Level,50+
EMP1105,Rahul Patel,46.0,Marketing,Senior,82921.0,2024-03-08,Delhi,rahul.patel@company.com,5.0,1.7,Senior Level,40-49
EMP1106,Kavya Sharma,43.0,Sales,Senior,85609.0,2024-03-13,Mumbai,..kavya.sharma..@company.com,1.0,1.6,Senior Level,40-49
EMP1107,Kavya Singh,63.0,Marketing,Analyst,83006.0,2022-10-22,Pune,kavya.singh@company.com,3.0,3.0,Senior Level,50+
EMP1108,Anita Reddy,58.0,Sales,Analyst,143632.0,2025-01-13,Pune,anita.reddy@company.com,5.0,0.8,Executive Level,50+
EMP1109,Ravi Reddy,26.0,Hr,Analyst,95733.0,2022-06-02,Chennai,ravi.reddy@company.com,5.0,3.4,Senior Level,20-29
EMP1110,Kavya Gupta,53.0,Hr,Analyst,86179.0,2021-12-30,Bangalore,kavya.gupta@company.com,3.0,3.8,Senior Level,50+
EMP1111,Kavya Kumar,61.0,Finance,Lead,133523.0,2023-12-18,Mumbai,kavya.kumar@company.com,5.0,1.9,Executive Level,50+
EMP1112,Vikram Kumar,63.0,Finance,Junior,113613.0,2021-02-24,Bangalore,vikram.kumar@company.com,1.0,4.7,Senior Level,50+
EMP1113,Priya Singh,40.0,Hr,Senior,58251.0,2022-10-18,Chennai,priya.singh@company.com,2.0,3.0,Mid Level,40-49
EMP1114,Amit Kumar,58.0,It,Lead,112217.0,2025-06-09,Chennai,amit.kumar@company.com,1.0,0.4,Senior Level,50+
EMP1115,Anita Reddy,33.0,Marketing,Manager,134740.0,2021-03-14,Delhi,anita.reddy@company.com,2.0,4.6,Executive Level,30-39
EMP1116,Ravi Rao,22.0,Sales,Analyst,76175.0,2021-03-17,Mumbai,ravi.rao@company.com,1.0,4.6,Mid Level,20-29
EMP1117,Ravi Reddy,61.0,It,Junior,106556.0,2020-07-13,Bangalore,ravi.reddy@company.com,1.0,5.3,Senior Level,50+
EMP1118,Ravi Rao,37.0,Sales,Analyst,43500.0,2023-10-31,Hyderabad,ravi.rao@company.com,5.0,2.0,Entry Level,30-39
EMP1119,Sneha Reddy,43.0,Hr,Junior,89638.0,2022-09-30,Chennai,sneha.reddy@company.com,2.0,3.1,Senior Level,40-49
EMP1120,Kavya Sharma,37.0,Marketing,Junior,99042.0,2023-01-11,Hyderabad,kavya.sharma@company.com,1.0,2.8,Senior Level,30-39
EMP1121,Ravi Singh,43.0,Marketing,Senior,82921.0,2022-05-09,Pune,..ravi.singh..@company.com,5.0,3.5,Senior Level,40-49
EMP1122,Rahul Rao,51.0,Sales,Director,155981.0,2023-02-19,Hyderabad,rahul.rao@company.com,4.0,2.7,Executive Level,50+
EMP1123,Rahul Patel,26.0,Operations,Lead,155435.0,2023-04-06,Delhi,rahul.patel@company.com,2.0,2.6,Executive Level,20-29
EMP1124,Kavya Singh,47.0,It,Junior,85247.0,2024-10-28,Chennai,kavya.singh@company.com,4.0,1.0,Senior Level,40-49
EMP1125,Anita Kumar,54.0,Marketing,Junior,86573.0,2020-12-11,Bangalore,anita.kumar@company.com,5.0,4.9,Senior Level,50+
EMP1126,Ravi Gupta,43.0,Marketing,Junior,134185.0,2024-04-30,Mumbai,ravi.gupta@company.com,5.0,1.5,Executive Level,40-49
EMP1127,Kavya Sharma,57.0,Operations,Director,144896.0,2022-06-18,Mumbai,kavya.sharma@company.com,2.0,3.4,Executive Level,50+
EMP1128,Anita Kumar,40.0,Operations,Manager,160793.0,2021-04-16,Hyderabad,anita.kumar@company.com,1.0,4.5,Executive Level,40-49
EMP1129,Rahul Sharma,26.0,Hr,Senior,46364.0,2024-05-06,Mumbai,rahul.sharma@company.com,2.0,1.5,Entry Level,20-29
EMP1130,Amit Kumar,49.0,Hr,Lead,151007.0,2025-04-27,Hyderabad,amit.kumar@company.com,3.0,0.5,Executive Level,40-49
EMP1131,Priya Kumar,41.0,Marketing,Analyst,48071.0,2020-06-20,Bangalore,priya.kumar@company.com,2.0,5.4,Entry Level,40-49
EMP1132,Anita Singh,56.0,Sales,Director,95195.0,2021-06-18,Hyderabad,anita.singh@company.com,1.0,4.4,Senior Level,50+
EMP1133,Priya Singh,64.0,Finance,Manager,163691.0,2020-09-01,Pune,priya.singh@company.com,3.0,5.2,Executive Level,50+
EMP1134,Rahul Gupta,54.0,Sales,Analyst,141783.0,2020-08-25,Chennai,rahul.gupta@company.com,3.0,5.2,Executive Level,50+
EMP1135,Ravi Kumar,50.0,It,Director,188940.0,2025-09-22,Hyderabad,ravi.kumar@company.com,2.0,0.1,Executive Level,50+
EMP1136,Sneha Patel,56.0,Operations,Junior,57350.0,2023-06-08,Hyderabad,..sneha.patel..@company.com,2.0,2.4,Mid Level,50+
EMP1137,Priya Sharma,29.0,Finance,Director,148668.0,2020-06-06,Chennai,priya.sharma@company.com,2.0,5.4,Executive Level,20-29
EMP1138,Anita Patel,47.0,Sales,Analyst,106797.0,2024-08-12,Bangalore,anita.patel@company.com,3.0,1.2,Senior Level,40-49
EMP1139,Rahul Rao,62.0,Marketing,Manager,80358.0,2022-06-02,Chennai,rahul.rao@company.com,2.0,3.4,Senior Level,50+
EMP1140,Anita Reddy,32.0,Operations,Senior,30412.0,2021-12-04,Chennai,anita.reddy@company.com,4.0,3.9,Entry Level,30-39
EMP1141,Amit Gupta,46.0,Sales,Director,120692.0,2022-12-18,Chennai,amit.gupta@company.com,1.0,2.9,Executive Level,40-49
EMP1142,Kavya Rao,57.0,Operations,Director,104425.0,2020-07-29,Bangalore,kavya.rao@company.com,1.0,5.3,Senior Level,50+
EMP1143,Anita Kumar,45.0,It,Junior,97295.0,2023-09-26,Chennai,anita.kumar@company.com,1.0,2.1,Senior Level,40-49
EMP1144,Sneha Reddy,56.0,Sales,Director,145999.0,2021-06-15,Hyderabad,sneha.reddy@company.com,2.0,4.4,Executive Level,50+
EMP1145,Ravi Jain,60.0,It,Lead,135771.0,2021-02-19,Bangalore,ravi.jain@company.com,5.0,4.7,Executive Level,50+
EMP1146,Amit Reddy,33.0,Hr,Junior,66208.0,2021-01-19,Bangalore,amit.reddy@company.com,5.0,4.8,Mid Level,30-39
EMP1147,Anita Gupta,44.0,Sales,Analyst,142856.0,2023-05-21,Bangalore,anita.gupta@company.com,1.0,2.5,Executive Level,40-49
EMP1148,Rahul Kumar,51.0,It,Senior,161888.0,2020-07-17,Hyderabad,rahul.kumar@company.com,4.0,5.3,Executive Level,50+
EMP1149,Ravi Reddy,46.0,Sales,Senior,80517.0,2024-09-02,Hyderabad,ravi.reddy@company.com,3.0,1.2,Senior Level,40-49
EMP1150,Kavya Reddy,40.0,Marketing,Manager,107280.0,2021-04-12,Mumbai,kavya.reddy@company.com,4.0,4.6,Senior Level,40-49
EMP1151,Vikram Kumar,43.0,Marketing,Analyst,54466.0,2025-07-20,Delhi,..vikram.kumar..@company.com,1.0,0.3,Mid Level,40-49
EMP1152,Vikram Jain,28.0,Marketing,Director,119163.0,2023-10-17,Pune,vikram.jain@company.com,4.0,2.0,Senior Level,20-29
EMP1153,Anita Rao,40.0,Operations,Director,120921.0,2021-12-13,Bangalore,anita.rao@company.com,5.0,3.9,Executive Level,40-49
EMP1154,Anita Reddy,26.0,Finance,Junior,132795.0,2022-11-20,Bangalore,anita.reddy@company.com,4.0,3.0,Executive Level,20-29
EMP1155,Sneha Patel,42.0,Operations,Senior,135955.0,2021-05-29,Bangalore,sneha.patel@company.com,1.0,4.4,Executive Level,40-49
EMP1156,Priya Singh,60.0,Hr,Senior,114076.0,2021-01-21,Hyderabad,priya.singh@company.com,2.0,4.8,Senior Level,50+
EMP1157,Kavya Gupta,60.0,Operations,Director,148461.0,2022-05-06,Pune,kavya.gupta@company.com,2.0,3.5,Executive Level,50+
EMP1158,Vikram Patel,26.0,Hr,Junior,53714.0,2022-05-14,Delhi,vikram.patel@company.com,5.0,3.5,Mid Level,20-29
EMP1159,Anita Singh,64.0,Finance,Manager,149930.0,2023-12-16,Hyderabad,anita.singh@company.com,4.0,1.9,Executive Level,50+
EMP1160,Amit Gupta,30.0,It,Manager,103625.0,2023-02-23,Pune,amit.gupta@company.com,4.0,2.7,Senior Level,30-39
EMP1161,Vikram Singh,38.0,Operations,Lead,144651.0,2022-04-29,Mumbai,vikram.singh@company.com,5.0,3.5,Executive Level,30-39
EMP1162,Rahul Gupta,61.0,Marketing,Lead,99081.0,2021-11-17,Chennai,rahul.gupta@company.com,2.0,4.0,Senior Level,50+
EMP1163,Anita Singh,48.0,It,Junior,97295.0,2022-06-04,Chennai,anita.singh@company.com,5.0,3.4,Senior Level,40-49
EMP1164,Priya Patel,50.0,Marketing,Lead,114693.0,2024-10-30,Mumbai,priya.patel@company.com,5.0,1.0,Senior Level,50+
EMP1165,Rahul Singh,22.0,Hr,Director,143285.0,2024-05-22,Bangalore,rahul.singh@company.com,1.0,1.4,Executive Level,20-29
EMP1166,Priya Kumar,28.0,It,Director,117080.0,2022-02-17,Chennai,..priya.kumar..@company.com,3.0,3.7,Senior Level,20-29
EMP1167,Sneha Rao,57.0,Marketing,Lead,95909.0,2022-04-07,Bangalore,sneha.rao@company.com,3.0,3.6,Senior Level,50+
EMP1168,Ravi Gupta,60.0,Sales,Director,178874.0,2023-10-21,Mumbai,ravi.gupta@company.com,2.0,2.0,Executive Level,50+
EMP1169,Priya Kumar,40.0,Operations,Senior,124246.0,2022-08-11,Bangalore,priya.kumar@company.com,3.0,3.2,Executive Level,40-49
EMP1170,Priya Singh,34.0,Hr,Senior,116769.0,2022-05-09,Pune,priya.singh@company.com,2.0,3.5,Senior Level,30-39
EMP1171,Priya Singh,41.0,It,Lead,135771.0,2024-07-05,Chennai,priya.singh@company.com,5.0,1.3,Executive Level,40-49
EMP1172,Kavya Gupta,62.0,It,Senior,92918.0,2022-12-14,Bangalore,kavya.gupta@company.com,3.0,2.9,Senior Level,50+
EMP1173,Vikram Reddy,34.0,It,Analyst,130219.0,2025-03-28,Delhi,vikram.reddy@company.com,1.0,0.6,Executive Level,30-39
EMP1174,Vikram Kumar,46.0,Marketing,Manager,93591.0,2023-03-20,Pune,vikram.kumar@company.com,5.0,2.6,Senior Level,40-49
EMP1175,Sneha Singh,27.0,Finance,Senior,97641.0,2021-06-07,Mumbai,sneha.singh@company.com,5.0,4.4,Senior Level,20-29
EMP1176,Rahul Singh,46.5,Finance,Director,82700.0,2020-09-07,Hyderabad,rahul.singh@company.com,5.0,5.2,Senior Level,40-49
EMP1177,Vikram Reddy,37.0,It,Lead,173045.0,2022-05-16,Hyderabad,vikram.reddy@company.com,3.0,3.5,Executive Level,30-39
EMP1178,Vikram Rao,58.0,Finance,Director,151362.0,2021-02-24,Pune,vikram.rao@company.com,4.0,4.7,Executive Level,50+
EMP1179,Kavya Reddy,39.0,It,Director,151726.0,2022-04-26,Mumbai,kavya.reddy@company.com,1.0,3.5,Executive Level,30-39
EMP1180,Ravi Jain,35.0,Sales,Junior,82638.0,2021-07-20,Mumbai,ravi.jain@company.com,5.0,4.3,Senior Level,30-39
EMP1181,Priya Kumar,41.0,Operations,Director,144896.0,2024-06-20,Pune,..priya.kumar..@company.com,1.0,1.4,Executive Level,40-49
EMP1182,Rahul Gupta,32.0,Sales,Manager,138859.0,2022-01-19,Delhi,rahul.gupta@company.com,4.0,3.8,Executive Level,30-39
EMP1183,Kavya Reddy,45.0,Finance,Senior,96203.0,2024-09-26,Pune,kavya.reddy@company.com,2.0,1.1,Senior Level,40-49
EMP1184,Ravi Reddy,49.0,It,Lead,141529.0,2021-03-07,Bangalore,ravi.reddy@company.com,2.0,4.7,Executive Level,40-49
EMP1185,Ravi Jain,49.0,Finance,Analyst,57355.0,2023-05-19,Mumbai,ravi.jain@company.com,1.0,2.5,Mid Level,40-49
EMP1186,Amit Jain,57.0,Marketing,Analyst,50159.0,2020-06-05,Chennai,amit.jain@company.com,1.0,5.4,Mid Level,50+
EMP1187,Vikram Rao,30.0,Sales,Manager,138752.0,2020-12-21,Chennai,vikram.rao@company.com,5.0,4.9,Executive Level,30-39
EMP1188,Priya Jain,49.0,Finance,Junior,127007.0,2023-03-24,Mumbai,priya.jain@company.com,5.0,2.6,Executive Level,40-49
EMP1189,Ravi Sharma,56.0,Operations,Director,178012.0,2024-09-09,Chennai,ravi.sharma@company.com,2.0,1.1,Executive Level,50+
EMP1190,Ravi Sharma,26.0,Hr,Director,110990.0,2020-06-07,Bangalore,ravi.sharma@company.com,2.0,5.4,Senior Level,20-29
EMP1191,Kavya Reddy,31.0,It,Senior,134791.0,2023-07-29,Bangalore,kavya.reddy@company.com,2.0,2.3,Executive Level,30-39
EMP1192,Amit Gupta,26.0,Marketing,Analyst,31015.0,2020-10-05,Chennai,amit.gupta@company.com,1.0,5.1,Entry Level,20-29
EMP1193,Priya Sharma,39.0,Operations,Director,68415.0,2022-04-20,Delhi,priya.sharma@company.com,1.0,3.5,Mid Level,30-39
EMP1194,Amit Gupta,32.0,Sales,Manager,122292.0,2022-03-08,Pune,amit.gupta@company.com,1.0,3.7,Executive Level,30-39
EMP1195,Ravi Patel,43.0,Hr,Manager,66970.0,2023-08-01,Chennai,ravi.patel@company.com,1.0,2.3,Mid Level,40-49
EMP1196,Priya Singh,34.0,Marketing,Analyst,50384.0,2021-04-14,Bangalore,..priya.singh..@company.com,1.0,4.6,Mid Level,30-39
EMP1197,Vikram Rao,56.0,Marketing,Lead,68702.0,2024-09-14,Delhi,vikram.rao@company.com,5.0,1.1,Mid Level,50+
EMP1198,Kavya Singh,27.0,Marketing,Senior,42763.0,2023-10-26,Pune,kavya.singh@company.com,5.0,2.0,Entry Level,20-29
EMP1199,Amit Patel,59.0,Finance,Lead,109353.5,2021-10-04,Bangalore,amit.patel@company.com,3.0,4.1,Senior Level,50+
EMP1200,Vikram Sharma,58.0,Finance,Analyst,34809.0,2021-09-13,Bangalore,vikram.sharma@company.com,3.0,4.1,Entry Level,50+
